step,elapsed_tokens,elapsed_examples,training_loss,training_sequence_accuracy,training_token_accuracy
1,676,4,1.7693761147142881,0.0,0.43902439024390244
2,1032,8,2.6144677958621405,0.0,0.3670886075949367
3,1356,12,1.924803664316034,0.0,0.47761194029850745
4,1616,16,2.262349974609569,0.0,0.34459459459459457
5,1908,20,1.842671232663342,0.0,0.42105263157894735
6,2328,24,1.7303981556605714,0.0,0.4553191489361702
7,2716,28,1.8785459024121336,0.0,0.4711111111111111
8,3072,32,1.7458146547531512,0.0,0.39893617021276595
9,3428,36,1.7590117273782513,0.0,0.39622641509433965
10,3688,40,2.1879324312641346,0.0,0.3333333333333333
11,3948,44,2.3231752192125628,0.0,0.4117647058823529
12,4304,48,1.377088804369189,0.0,0.4489795918367347
13,4692,52,1.9444657782551922,0.0,0.4212962962962963
14,5048,56,1.9225186484985335,0.0,0.44878048780487806
15,5532,60,1.5343196691417689,0.0,0.41232227488151657
16,5792,64,2.183971143638846,0.0,0.378698224852071
17,6116,68,2.040175519960023,0.0,0.4114285714285714
18,6504,72,1.570122428791098,0.0,0.415
19,6924,76,1.7330358779716855,0.0,0.452
20,7504,80,1.5535294001436963,0.0,0.40344827586206894
21,7764,84,2.6345845704528164,0.0,0.37244897959183676
22,8376,88,1.3196943232026501,0.0,0.44074074074074077
23,8828,92,2.0147819350254172,0.0,0.396078431372549
24,9184,96,1.9457364610723444,0.0,0.3786407766990291
25,9444,100,1.77032137215494,0.0,0.41721854304635764
26,9864,104,1.572878166045451,0.0,0.35678391959798994
27,10252,108,1.4475043948544286,0.0,0.45248868778280543
28,10576,112,1.2958756070768431,0.0,0.47126436781609193
29,10932,116,2.1227846299621955,0.0,0.38967136150234744
30,11224,120,1.3844177733789222,0.0,0.475
31,11516,124,1.3733197414661682,0.0,0.5176470588235295
32,11904,128,1.3938418898962242,0.0,0.4489795918367347
33,12324,132,1.4526666687116125,0.0,0.4915254237288136
34,12616,136,1.369249015766594,0.0,0.4551282051282051
35,13004,140,1.1142011618852363,0.0,0.5513513513513514
36,13328,144,1.4317738876330623,0.0,0.4583333333333333
37,13620,148,1.3058186645739536,0.0,0.4244604316546763
38,13912,152,1.938663147551316,0.0,0.4292682926829268
39,14236,156,1.3787250113734628,0.0,0.44171779141104295
40,14496,160,1.3484735543429451,0.0,0.4460431654676259
41,14852,164,1.8695393823810145,0.0,0.42452830188679247
42,15176,168,1.1638591834753569,0.0,0.5365853658536586
43,15596,172,1.0675802553922655,0.0,0.43243243243243246
44,15920,176,0.9924742931971524,0.0,0.5
45,16212,180,1.7213444376545892,0.0,0.4270833333333333
46,16568,184,1.7044923588837593,0.0,0.4369369369369369
47,16860,188,1.1416477039032167,0.0,0.5070422535211268
48,17184,192,1.5331945099700404,0.0,0.4482758620689655
49,17604,196,1.4185748141150698,0.0,0.46120689655172414
50,18024,200,1.1786770826101145,0.0,0.5411255411255411
51,18316,204,1.480982939901856,0.0,0.4166666666666667
52,18640,208,1.5687176982379822,0.0,0.4845360824742268
53,19028,212,1.3977689726218088,0.0,0.4577114427860697
54,19448,216,1.516289084999774,0.0,0.42424242424242425
55,19708,220,1.2821847427399782,0.0,0.5255474452554745
56,20128,224,1.6360972237683895,0.0,0.5017182130584192
57,20516,228,1.857450340052325,0.0,0.4311111111111111
58,20744,232,1.6227350646973535,0.0,0.3969465648854962
59,21068,236,1.4337331899301087,0.0,0.4607329842931937
60,21424,240,1.1859518511247173,0.0,0.4268292682926829
61,21780,244,1.2506962833785504,0.0,0.391025641025641
62,22072,248,1.4202095516643254,0.0,0.41843971631205673
63,22332,252,1.3090212963783372,0.0,0.47794117647058826
64,22816,256,1.3388096405253929,0.0,0.4092827004219409
65,23428,260,1.0359362290091323,0.0,0.5120274914089347
66,23720,264,1.0605783372381576,0.0,0.5578231292517006
67,24108,268,1.5151472155341497,0.0,0.4605263157894737
68,24432,272,1.6672852672648404,0.0,0.42162162162162165
69,24756,276,1.317775169753904,0.0,0.3971631205673759
70,25112,280,1.402670490573354,0.0,0.5048076923076923
71,25404,284,1.4237600590260646,0.0,0.5113636363636364
72,25824,288,1.2655577777341793,0.0,0.5098039215686274
73,26212,292,1.190725903556901,0.0,0.3939393939393939
74,26568,296,1.2886084981514343,0.0,0.4375
75,26924,300,1.9060657056002457,0.0,0.4423076923076923
76,27184,304,1.9143757079650094,0.0,0.45263157894736844
77,27540,308,1.104389323010354,0.0,0.5739910313901345
78,27864,312,1.2955648223012322,0.0,0.40764331210191085
79,28156,316,1.65731862687366,0.0,0.45348837209302323
80,28480,320,1.586158429321901,0.0,0.45595854922279794
81,28708,324,1.5108078924884178,0.0,0.3826086956521739
82,29096,328,1.8043133464917853,0.0,0.4777777777777778
83,29452,332,1.8287188702353554,0.0,0.3588516746411483
84,29936,336,1.333558158912171,0.0,0.4790874524714829
85,30388,340,0.8842276197098065,0.0,0.5151515151515151
86,30680,344,1.39895688221089,0.0,0.5
87,31036,348,1.1854864507988216,0.0,0.5373134328358209
88,31392,352,1.9195025405814385,0.0,0.4798387096774194
89,31716,356,1.3660984855879121,0.0,0.42528735632183906
90,32168,360,1.161642764456492,0.0,0.4444444444444444
91,32428,364,1.533361001037822,0.0,0.42038216560509556
92,32976,368,1.002656841818483,0.0,0.5
93,33396,372,1.6181857993796598,0.0,0.42231075697211157
94,33752,376,1.6706790697824216,0.0,0.41379310344827586
95,34108,380,1.3832013540092503,0.0,0.5178571428571429
96,34400,384,1.225397704013008,0.0,0.5220125786163522
97,34788,388,1.538571832896615,0.0,0.3532608695652174
98,35144,392,1.4945362008682272,0.0,0.4727272727272727
99,35372,396,1.4302400916692126,0.0,0.49230769230769234
100,35792,400,1.3619977551222038,0.0,0.48497854077253216
101,36084,404,1.4930413702461696,0.0,0.4772727272727273
102,36536,408,1.0205509416473413,0.0,0.5141509433962265
103,36892,412,1.4002330110268841,0.0,0.44385026737967914
104,37312,416,1.3455521532700745,0.0,0.47577092511013214
105,37668,420,1.7606585234862542,0.0,0.4055299539170507
106,37960,424,1.6562505305885962,0.0,0.3872832369942196
107,38444,428,1.2108258088325878,0.0,0.49794238683127573
108,38896,432,0.9701527733646319,0.0,0.5365853658536586
109,39220,436,1.265414756942031,0.0,0.42857142857142855
110,39544,440,1.6566178959804438,0.0,0.455026455026455
111,39868,444,1.6552261794685923,0.0,0.42
112,40320,448,1.3959148975639788,0.0,0.36683417085427134
113,40580,452,1.2401624855319415,0.0,0.5153374233128835
114,40840,456,1.6119858012182795,0.0,0.43670886075949367
115,41068,460,1.744581199328334,0.0,0.45806451612903226
116,41424,464,1.5177169286331031,0.0,0.48484848484848486
117,41844,468,2.1763920895806828,0.0,0.4019933554817276
118,42200,472,1.373838591093782,0.0,0.5024154589371981
119,42524,476,0.9965082678227264,0.0,0.5104895104895105
120,42848,480,1.4667737480131837,0.0,0.5158371040723982
121,43332,484,1.2256327082336032,0.0,0.4956521739130435
122,43720,488,1.0495059846426287,0.0,0.47058823529411764
123,44012,492,1.2840207121259755,0.0,0.42567567567567566
124,44272,496,1.6572240527170277,0.0,0.4972067039106145
125,44724,500,1.2753287895843708,0.0,0.48412698412698413
126,45208,504,1.3310344284521056,0.0,0.49070631970260226
127,45564,508,1.1125398068989696,0.0,0.49444444444444446
128,45984,512,1.4370182324202658,0.0,0.4691358024691358
129,46340,516,1.5177181096753587,0.0,0.48868778280542985
130,46664,520,1.4300007421108485,0.0,0.5073891625615764
131,47020,524,1.546189849653256,0.0,0.4419642857142857
132,47312,528,1.361864085853531,0.0,0.44966442953020136
133,47764,532,1.0194080881059462,0.0,0.592741935483871
134,48184,536,0.9829737017516484,0.0,0.5154639175257731
135,48476,540,1.8011903678794718,0.0,0.3723404255319149
136,48896,544,1.494332033941415,0.0,0.46360153256704983
137,49316,548,1.2285345661763278,0.0,0.49122807017543857
138,49704,552,1.2366706216311922,0.0,0.46511627906976744
139,50060,556,1.5692213145332077,0.0,0.49295774647887325
140,50576,560,1.2054995390959329,0.0,0.48034934497816595
141,50964,564,1.4908380958222027,0.0,0.47297297297297297
142,51256,568,1.1395795127187272,0.0,0.4966442953020134
143,51548,572,1.6682589809909263,0.0,0.4577114427860697
144,51904,576,1.694916301835392,0.0,0.49099099099099097
145,52324,580,1.4093946026988473,0.0,0.49777777777777776
146,52680,584,1.5321453103134823,0.0,0.4520547945205479
147,53196,588,0.9526096558534443,0.0,0.4854368932038835
148,53552,592,1.3572668505257786,0.0,0.5411255411255411
149,53876,596,1.5932002204154543,0.0,0.4925373134328358
150,54168,600,1.4152970821992434,0.0,0.4645161290322581
151,54524,604,1.3814889386369609,0.0,0.507537688442211
152,54880,608,1.2741164188875918,0.0,0.4708994708994709
153,55268,612,1.5018402077955806,0.0,0.4811715481171548
154,55976,616,1.0937250872444584,0.0,0.48606811145510836
155,56268,620,1.347271392562725,0.0,0.4064516129032258
156,56592,624,1.4973966225046969,0.0,0.5048543689320388
157,57076,628,1.036425786934066,0.0,0.47417840375586856
158,57400,632,1.4134972253092457,0.0,0.49056603773584906
159,57820,636,1.4733307022769693,0.0,0.49049429657794674
160,58144,640,1.762079603918279,0.0,0.4329896907216495
161,58500,644,1.4487094479717733,0.0,0.44387755102040816
162,58760,648,1.3133734734666316,0.0,0.45390070921985815
163,59116,652,1.4394886771593263,0.0,0.4438202247191011
164,59632,656,1.2112533463307216,0.0,0.5189393939393939
165,59860,660,1.2478775874267076,0.0,0.4166666666666667
166,60152,664,1.0321744008070182,0.0,0.4632352941176471
167,60540,668,1.014768686208008,0.0,0.546875
168,60832,672,1.3868119884043333,0.0,0.48214285714285715
169,61220,676,1.5065043935637856,0.0,0.4979757085020243
170,61576,680,1.445266869221349,0.0,0.47596153846153844
171,61932,684,1.7838459875220494,0.0,0.4605263157894737
172,62288,688,1.5584896574682154,0.0,0.5128205128205128
173,62548,692,1.2472176414665068,0.0,0.48412698412698413
174,62904,696,1.396852040973618,0.0,0.5064935064935064
175,63324,700,0.8928377952464227,0.0,0.5491329479768786
176,63744,704,1.2945588316202832,0.0,0.5341880341880342
177,64068,708,1.2226354153862857,0.0,0.5393939393939394
178,64456,712,1.4024689478558168,0.0,0.4784688995215311
179,65132,716,0.8037287142886937,0.0,0.5836177474402731
180,65456,720,1.4350026416782602,0.0,0.4444444444444444
181,65876,724,1.097914088228912,0.0,0.4861878453038674
182,66232,728,0.9976970740489463,0.0,0.5
183,66492,732,1.4537887451711096,0.0,0.39072847682119205
184,66880,736,1.889517603598829,0.0,0.43911439114391143
185,67300,740,1.72028342172322,0.0,0.3665338645418327
186,67656,744,1.159737282480045,0.0,0.5079365079365079
187,68140,748,0.9332340790571714,0.0,0.5309734513274337
188,68528,752,1.1873776898067188,0.0,0.49
189,68916,756,1.2463177420444642,0.0,0.44554455445544555
190,69304,760,1.618384755240334,0.0,0.4942528735632184
191,69692,764,1.3769413858531852,0.0,0.4694835680751174
192,70048,768,1.3946739929919734,0.0,0.5066079295154186
193,70372,772,1.3244298941618782,0.0,0.4506172839506173
194,70824,776,1.1219287536165652,0.0,0.48148148148148145
195,71180,780,1.2833702034391907,0.0,0.5074626865671642
196,71568,784,1.2635348483860753,0.0,0.44502617801047123
197,71828,788,1.5464940167015129,0.0,0.5029940119760479
198,72376,792,1.1997039307435877,0.0,0.4749034749034749
199,72732,796,1.3574527436284303,0.0,0.4835680751173709
200,72960,800,1.5502550933452064,0.0,0.48951048951048953
201,73380,804,1.2019051208886284,0.0,0.40512820512820513
202,73704,808,1.4887934519592254,0.0,0.40718562874251496
203,73996,812,1.2951864437562268,0.0,0.48
204,74384,816,1.4002561527817452,0.0,0.43523316062176165
205,74644,820,1.5186462426731044,0.0,0.48823529411764705
206,74936,824,1.3035746422024674,0.0,0.5485714285714286
207,75196,828,1.1511393665601908,0.0,0.5230769230769231
208,75584,832,1.3992101523031912,0.0,0.4744186046511628
209,75940,836,1.3618771819892408,0.0,0.5025380710659898
210,76456,840,1.1580888328031858,0.0,0.5
211,76844,844,0.9326651265169362,0.0,0.5163043478260869
212,77168,848,1.3859874770349387,0.0,0.51010101010101
213,77428,852,1.500229738307937,0.0,0.43312101910828027
214,77752,856,1.3946079769796582,0.0,0.47058823529411764
215,78012,860,1.2575507377824635,0.0,0.5064102564102564
216,78432,864,1.332567631387091,0.0,0.4592274678111588
217,78756,868,1.1524381885359818,0.0,0.4583333333333333
218,79016,872,1.4487653590690137,0.0,0.48427672955974843
219,79468,876,1.4896596438326541,0.0,0.4849624060150376
220,80016,880,0.9838486238390846,0.0,0.4855769230769231
221,80340,884,1.6280329519870247,0.0,0.4719626168224299
222,80664,888,1.779006925077427,0.0,0.4488888888888889
223,80924,892,1.119794783822773,0.0,0.5909090909090909
224,81344,896,1.301308027772039,0.0,0.49107142857142855
225,81732,900,1.9722832394472667,0.0,0.4878048780487805
226,82248,904,1.3527504215931856,0.0,0.47580645161290325
227,82572,908,1.4537225705831207,0.0,0.47540983606557374
228,82960,912,0.7316500653400279,0.0,0.5870967741935483
229,83380,916,1.5714130905813826,0.0,0.46387832699619774
230,83768,920,1.1776036655071962,0.0,0.5121951219512195
231,84028,924,1.7258683299723947,0.0,0.42073170731707316
232,84416,928,1.4984024090846917,0.0,0.49145299145299143
233,84772,932,1.4120974191035633,0.0,0.4766355140186916
234,85000,936,1.4622017432978052,0.0,0.5225806451612903
235,85292,940,1.47077788700912,0.0,0.5054347826086957
236,85648,944,1.4069788114073114,0.0,0.4807692307692308
237,85972,948,1.5554266591093384,0.0,0.49514563106796117
238,86328,952,1.422303088237358,0.0,0.5021645021645021
239,86876,956,1.1263647194128772,0.0,0.5650557620817844
240,87200,960,1.8520870619224645,0.0,0.47577092511013214
241,87588,964,1.2441017684799955,0.0,0.47297297297297297
242,88072,968,0.9651296826353938,0.0,0.5
243,88556,972,1.103911429255873,0.0,0.4881516587677725
244,88944,976,1.061746493574652,0.0,0.536697247706422
245,89300,980,1.4674210922861144,0.0,0.5209302325581395
246,89688,984,0.892014480025864,0.0,0.5696969696969697
247,90108,988,1.2733350408162005,0.0,0.4772727272727273
248,90592,992,0.9426972956458914,0.0,0.4766355140186916
249,90916,996,1.0221356399055486,0.0,0.5609756097560976
250,91400,1000,1.111643753644557,0.0,0.5515873015873016
251,91820,1004,1.2438828012949545,0.0,0.4778761061946903
252,92272,1008,0.9979710750614178,0.0,0.5490196078431373
253,92564,1012,1.8186909287911195,0.0,0.44554455445544555
254,92824,1016,1.2023219656999584,0.0,0.4583333333333333
255,93116,1020,1.1166635683552897,0.0,0.5838150289017341
256,93568,1024,1.3692143710920117,0.0,0.47126436781609193
257,93956,1028,1.3026438225787964,0.0,0.46634615384615385
258,94472,1032,1.2023962568661035,0.0,0.46122448979591835
259,94828,1036,1.2796835059459624,0.0,0.5051546391752577
260,95248,1040,1.1028149916262338,0.0,0.5057471264367817
261,95700,1044,1.121812253766723,0.0,0.5333333333333333
262,96024,1048,1.4157313565033935,0.0,0.4514285714285714
263,96284,1052,1.5518128960484796,0.0,0.44666666666666666
264,96704,1056,1.080687858981401,0.0,0.43386243386243384
265,96932,1060,1.2454100678043751,0.0,0.5244755244755245
266,97288,1064,1.2728042140962044,0.0,0.4816753926701571
267,97516,1068,1.475790499154261,0.0,0.4603174603174603
268,97904,1072,1.7064392331276548,0.0,0.44621513944223107
269,98164,1076,1.68167171539549,0.0,0.4146341463414634
270,98488,1080,1.2359615499755605,0.0,0.546448087431694
271,98908,1084,1.533615947506384,0.0,0.46360153256704983
272,99360,1088,1.5001932749237734,0.0,0.4496124031007752
273,99780,1092,1.7070654366044704,0.0,0.3917910447761194
274,100136,1096,1.349859217635122,0.0,0.463768115942029
275,100620,1100,1.2061136723890216,0.0,0.48945147679324896
276,101008,1104,0.9153432825208817,0.0,0.484472049689441
277,101460,1108,1.328634761022997,0.0,0.5421686746987951
278,101880,1112,1.2899224302464825,0.0,0.47297297297297297
279,102300,1116,1.3806362136966528,0.0,0.4980237154150198
280,102656,1120,1.2986707358444924,0.0,0.4416243654822335
281,102884,1124,1.3086727599896129,0.0,0.4672131147540984
282,103112,1128,1.2775762914313329,0.0,0.4838709677419355
283,103532,1132,1.1893736493468343,0.0,0.47474747474747475
284,103888,1136,1.3852667024329857,0.0,0.48095238095238096
285,104212,1140,1.5700034815238237,0.0,0.5092592592592593
286,104536,1144,1.5773192820686126,0.0,0.48333333333333334
287,104796,1148,1.4918610682971656,0.0,0.49707602339181284
288,105120,1152,0.9660390713618907,0.0,0.6
289,105380,1156,1.1831712906359257,0.0,0.5875
290,105640,1160,1.233097289303139,0.0,0.44966442953020136
291,105868,1164,1.0259781537817798,0.0,0.5819672131147541
292,106288,1168,1.1995469720559784,0.0,0.4694835680751174
293,106708,1172,1.171606444235159,0.0,0.49074074074074076
294,107192,1176,1.214364305561098,0.0,0.42342342342342343
295,107548,1180,0.9015223864595943,0.0,0.5574712643678161
296,107904,1184,1.7201262301998297,0.0,0.48412698412698413
297,108292,1188,1.3810940969068135,0.0,0.484375
298,108712,1192,1.5570976862618198,0.0,0.5202952029520295
299,109036,1196,1.3399347905635843,0.0,0.49489795918367346
300,109392,1200,1.260857728862245,0.0,0.5414847161572053
301,109716,1204,1.1948543776951452,0.0,0.4782608695652174
302,110104,1208,1.1867311429155833,0.0,0.5
303,110620,1212,1.286310210516806,0.0,0.5516129032258065
304,110912,1216,1.681138044125721,0.0,0.4948453608247423
305,111236,1220,1.1753367270872288,0.0,0.4911242603550296
306,111464,1224,1.250097298079576,0.0,0.4434782608695652
307,111884,1228,1.5432774396333906,0.0,0.4322033898305085
308,112240,1232,1.555046890620894,0.0,0.4811320754716981
309,112628,1236,0.9641576445980778,0.0,0.5116279069767442
310,113144,1240,1.1570975093895617,0.0,0.4834710743801653
311,113468,1244,1.0770160013409558,0.0,0.5402298850574713
312,113856,1248,1.1604002757707084,0.0,0.5616438356164384
313,114116,1252,1.3833214322927152,0.0,0.49382716049382713
314,114504,1256,1.2603082314600806,0.0,0.5622119815668203
315,114956,1260,1.0279451841759901,0.0,0.48372093023255813
316,115408,1264,1.0089669141117883,0.0,0.49743589743589745
317,115924,1268,1.3311638940959016,0.0,0.4828767123287671
318,116248,1272,1.073270225451375,0.0,0.484472049689441
319,116700,1276,1.0597219824738198,0.0,0.5299539170506913
320,117056,1280,1.7694804947772456,0.0,0.43373493975903615
321,117540,1284,1.4750410244036556,0.0,0.5157894736842106
322,117896,1288,1.2576940742170633,0.0,0.4742268041237113
323,118348,1292,1.4231398021495651,0.0,0.49230769230769234
324,118736,1296,1.256708815061316,0.0,0.5120772946859904
325,119060,1300,0.8552634071435659,0.0,0.54421768707483
326,119480,1304,1.1934487966774998,0.0,0.48695652173913045
327,119740,1308,1.4830098811566006,0.0,0.45652173913043476
328,120160,1312,1.0355508441780805,0.0,0.4745762711864407
329,120516,1316,1.2702646392128893,0.0,0.4885057471264368
330,120840,1320,1.1847009560030914,0.0,0.519774011299435
331,121324,1324,1.3515767951262279,0.0,0.45188284518828453
332,121552,1328,1.2731460161690067,0.0,0.46218487394957986
333,121972,1332,1.4720138785296324,0.0,0.4712230215827338
334,122328,1336,1.30735489152615,0.0,0.4101123595505618
335,122652,1340,1.1867480606814431,0.0,0.5287958115183246
336,122976,1344,1.444559657592435,0.0,0.48823529411764705
337,123364,1348,1.238249238495987,0.0,0.4729064039408867
338,123784,1352,1.1908509344150982,0.0,0.4682926829268293
339,124108,1356,0.9037935221861012,0.0,0.4369747899159664
340,124464,1360,1.026816562855023,0.0,0.5
341,124820,1364,1.167222423224623,0.0,0.49714285714285716
342,125272,1368,1.2520438266141467,0.0,0.4605263157894737
343,125532,1372,1.0935892242707745,0.0,0.5
344,125952,1376,1.2510220257166904,0.0,0.4558139534883721
345,126340,1380,1.3624546850556474,0.0,0.4079601990049751
346,126632,1384,1.1865696869968916,0.0,0.5217391304347826
347,127148,1388,1.341616079098621,0.0,0.5109717868338558
348,127632,1392,1.4337002515219168,0.0,0.5016393442622951
349,127892,1396,1.4295077247514725,0.0,0.46153846153846156
350,128216,1400,1.0683880131323575,0.0,0.5283018867924528
351,128476,1404,1.1288926436300288,0.0,0.4796747967479675
352,128896,1408,1.072951543389486,0.0,0.5
353,129156,1412,1.1977712542907921,0.0,0.49324324324324326
354,129640,1416,1.2443499262094873,0.0,0.5122950819672131
355,130060,1420,1.1217134281673884,0.0,0.5657894736842105
356,130352,1424,1.124757235786158,0.0,0.5
357,130740,1428,1.0329360369470948,0.0,0.53125
358,131064,1432,1.2025621715101842,0.0,0.5129533678756477
359,131292,1436,1.397390334213981,0.0,0.5038759689922481
360,131744,1440,1.1696757431336027,0.0,0.4909090909090909
361,132292,1444,1.1855394667219155,0.0,0.5551724137931034
362,132680,1448,1.7002513784962503,0.0,0.5067114093959731
363,132908,1452,1.2488009947013727,0.0,0.4603174603174603
364,133328,1456,1.148241201334625,0.0,0.5555555555555556
365,133620,1460,1.1469191203099438,0.0,0.49673202614379086
366,133848,1464,1.1800480440760346,0.0,0.5128205128205128
367,134076,1468,1.4797881702695717,0.0,0.4420289855072464
368,134336,1472,1.6502092231632606,0.0,0.5
369,134980,1476,1.129398412475155,0.0,0.5074183976261127
370,135368,1480,1.385057485912747,0.0,0.5254237288135594
371,135788,1484,1.242791384165168,0.0,0.5188284518828452
372,136240,1488,1.1750801822504908,0.0,0.5533596837944664
373,136660,1492,1.6230281881783202,0.0,0.48616600790513836
374,136984,1496,1.0939012466020177,0.0,0.515527950310559
375,137468,1500,0.8957254375291692,0.0,0.5742574257425742
376,137888,1504,1.3093041948734165,0.0,0.49321266968325794
377,138212,1508,0.9975963211680676,0.0,0.5340909090909091
378,138600,1512,1.3835130561704008,0.0,0.46226415094339623
379,138988,1516,1.4442249412202408,0.0,0.47115384615384615
380,139408,1520,0.9900848615455806,0.0,0.4476744186046512
381,139828,1524,1.3158205186505256,0.0,0.497907949790795
382,140120,1528,1.2133616985621392,0.0,0.5157232704402516
383,140444,1532,0.9943029438506784,0.0,0.576271186440678
384,140768,1536,0.8921323419738355,0.0,0.5751633986928104
385,141188,1540,1.572478341509843,0.0,0.47388059701492535
386,141576,1544,1.5439613645216863,0.0,0.5020242914979757
387,141900,1548,0.9724877572118386,0.0,0.5535714285714286
388,142256,1552,1.018889137972611,0.0,0.5418994413407822
389,142740,1556,1.2471763332233459,0.0,0.49206349206349204
390,143192,1560,1.0618994003071007,0.0,0.5866141732283464
391,143740,1564,1.1670170222121647,0.0,0.47126436781609193
392,144096,1568,1.8791937612269907,0.0,0.4380165289256198
393,144388,1572,1.343085390278995,0.0,0.46835443037974683
394,144616,1576,1.4769653433459802,0.0,0.48322147651006714
395,144940,1580,1.4659212218360753,0.0,0.47474747474747475
396,145328,1584,0.9187909801483981,0.0,0.5406976744186046
397,145780,1588,1.2561987338387006,0.0,0.556420233463035
398,146104,1592,1.2825035037376775,0.0,0.5497382198952879
399,146556,1596,0.84379179063995,0.0,0.5251396648044693
400,147008,1600,1.315299417779066,0.0,0.5371024734982333
401,147332,1604,1.3884413882567515,0.0,0.4696132596685083
402,147592,1608,1.1443220848017197,0.0,0.5503355704697986
403,148140,1612,1.1219659004119191,0.0,0.5415162454873647
404,148400,1616,1.496563933387506,0.0,0.5025906735751295
405,148948,1620,1.3777662656545273,0.0,0.5681159420289855
406,149208,1624,1.1481049188613968,0.0,0.5424836601307189
407,149596,1628,1.0470639364988166,0.0,0.5294117647058824
408,149984,1632,1.3157696171411,0.0,0.5065502183406113
409,150372,1636,1.1596031880565014,0.0,0.5050505050505051
410,150920,1640,1.0687809120706993,0.0,0.5503597122302158
411,151180,1644,1.3468757339358488,0.0,0.4357142857142857
412,151568,1648,1.158416514601716,0.0,0.4858490566037736
413,151924,1652,1.214049616484633,0.0,0.4898989898989899
414,152248,1656,1.4101516557151061,0.0,0.5392156862745098
415,152540,1660,1.5197002707781817,0.0,0.5172413793103449
416,152864,1664,1.5681770320274264,0.0,0.46078431372549017
417,153188,1668,1.201091074441659,0.0,0.5227272727272727
418,153544,1672,1.1767769163886377,0.0,0.5260416666666666
419,153932,1676,0.9471011447318266,0.0,0.4878048780487805
420,154288,1680,1.3254351770079988,0.0,0.4583333333333333
421,154612,1684,0.9591942798171317,0.0,0.5911949685534591
422,155128,1688,1.1804712805139048,0.0,0.51985559566787
423,155484,1692,1.2137114223294767,0.0,0.5
424,156000,1696,0.8636508502321871,0.0,0.515
425,156324,1700,0.9962559318318563,0.0,0.5208333333333334
426,156680,1704,1.3394540199158078,0.0,0.45930232558139533
427,157004,1708,0.8345193265875132,0.0,0.5179856115107914
428,157360,1712,1.4587096374887578,0.0,0.5461847389558233
429,157812,1716,1.359143869971683,0.0,0.488
430,158200,1720,1.322931136458039,0.0,0.5346938775510204
431,158460,1724,1.1640815492176033,0.0,0.54421768707483
432,158880,1728,1.3379675627794076,0.0,0.5575539568345323
433,159204,1732,1.1262377513690374,0.0,0.4866666666666667
434,159528,1736,1.4030610729881245,0.0,0.51010101010101
435,159852,1740,1.2430491692413441,0.0,0.5618556701030928
436,160176,1744,0.9376933269854671,0.0,0.5138888888888888
437,160564,1748,1.4701808269133292,0.0,0.5375
438,160888,1752,1.2429949270225154,0.0,0.5572139303482587
439,161148,1756,1.063685665437033,0.0,0.5277777777777778
440,161568,1760,1.1812130467576858,0.0,0.5158371040723982
441,161892,1764,1.1975521327198768,0.0,0.5409836065573771
442,162440,1768,0.9116734244334298,0.0,0.5265486725663717
443,162700,1772,1.504082918280809,0.0,0.4189189189189189
444,163024,1776,1.4986840385899942,0.0,0.510989010989011
445,163348,1780,1.4831967911321307,0.0,0.5311004784688995
446,163768,1784,1.1493926770387168,0.0,0.4855769230769231
447,164156,1788,1.102534384952646,0.0,0.5806451612903226
448,164544,1792,1.637202492650559,0.0,0.5020576131687243
449,164932,1796,1.1856129609582937,0.0,0.4752475247524752
450,165224,1800,1.2694064947297492,0.0,0.474025974025974
451,165516,1804,0.8743576028844312,0.0,0.5555555555555556
452,165872,1808,1.445155809513951,0.0,0.4669811320754717
453,166228,1812,1.0338553720610095,0.0,0.53125
454,166552,1816,1.0995148122899574,0.0,0.5176470588235295
455,167036,1820,0.9053634373931878,0.0,0.5159817351598174
456,167488,1824,1.1460587050424498,0.0,0.5137614678899083
457,167844,1828,1.5678749308830349,0.0,0.48068669527896996
458,168232,1832,1.5716256002629114,0.0,0.5463917525773195
459,168620,1836,1.0060978717141582,0.0,0.5105263157894737
460,168944,1840,1.234740944795978,0.0,0.521978021978022
461,169268,1844,1.0976744388616626,0.0,0.5654761904761905
462,169656,1848,0.9842512638316491,0.0,0.5268817204301075
463,169948,1852,1.1996542267602963,0.0,0.5294117647058824
464,170304,1856,1.2520216410385403,0.0,0.529126213592233
465,170660,1860,0.9269980375607585,0.0,0.5714285714285714
466,170952,1864,1.0448567844951944,0.0,0.4785714285714286
467,171404,1868,1.3655020707708245,0.0,0.4476987447698745
468,171952,1872,0.8900162716974492,0.0,0.584
469,172372,1876,0.8993303768438309,0.0,0.5854922279792746
470,172728,1880,1.1878851206259682,0.0,0.5068493150684932
471,173084,1884,1.1251979446987932,0.0,0.5191256830601093
472,173408,1888,1.1409627322792966,0.0,0.46405228758169936
473,173732,1892,1.0638949856626296,0.0,0.47368421052631576
474,174152,1896,0.938473965774618,0.0,0.5409836065573771
475,174476,1900,1.1401840569314465,0.0,0.5151515151515151
476,174960,1904,0.9575423272965324,0.0,0.5655737704918032
477,175284,1908,1.313986944985384,0.0,0.5
478,175608,1912,1.014882396670648,0.0,0.5443037974683544
479,176028,1916,1.266174477354586,0.0,0.49344978165938863
480,176576,1920,1.2493327604500253,0.0,0.4967532467532468
481,176900,1924,1.2259850558671714,0.0,0.5969387755102041
482,177288,1928,1.3674631910519253,0.0,0.4851063829787234
483,177516,1932,1.5296795085223311,0.0,0.5
484,177840,1936,1.1052943100349375,0.0,0.6022727272727273
485,178164,1940,1.3745238544970484,0.0,0.43258426966292135
486,178552,1944,1.7344882134641442,0.0,0.4411764705882353
487,178972,1948,0.924575696029125,0.0,0.5079365079365079
488,179392,1952,1.1040196883078561,0.0,0.5764192139737991
489,179780,1956,1.6322415494826312,0.0,0.4864864864864865
490,180072,1960,1.1708431693035835,0.0,0.5197368421052632
491,180460,1964,1.431952908640474,0.0,0.483739837398374
492,180752,1968,1.128118043022794,0.0,0.5234899328859061
493,181140,1972,1.2669022273769406,0.0,0.5564853556485355
494,181464,1976,1.379213291181006,0.0,0.5175879396984925
495,181692,1980,1.1111916012201775,0.0,0.546875
496,182208,1984,1.1573315665202972,0.0,0.4921875
497,182532,1988,1.236333441878718,0.0,0.5440414507772021
498,182856,1992,1.2269153726064852,0.0,0.4502923976608187
499,183212,1996,0.9843979233362735,0.0,0.59375
500,183536,2000,1.2120600724578892,0.0,0.5372340425531915
501,183860,2004,1.3849016630825426,0.0,0.5177664974619289
502,184216,2008,1.101408126943489,0.0,0.46706586826347307
503,184540,2012,1.3557858194014698,0.0,0.5270935960591133
504,185120,2016,0.9773256480434702,0.0,0.5129151291512916
505,185412,2020,1.4619095377501845,0.0,0.5157894736842106
506,185768,2024,1.6462573942169383,0.0,0.5261044176706827
507,186156,2028,1.223142932033917,0.0,0.49321266968325794
508,186608,2032,1.2277899715409788,0.0,0.5357142857142857
509,186964,2036,1.1817194191478153,0.0,0.5245098039215687
510,187320,2040,1.199966192040784,0.0,0.586046511627907
511,187644,2044,1.366421753839186,0.0,0.5252525252525253
512,187904,2048,1.2475618105909758,0.0,0.532051282051282
513,188292,2052,1.2415280640692588,0.0,0.5409090909090909
514,188680,2056,1.5630041384941908,0.0,0.5368421052631579
515,189036,2060,1.1531093119785056,0.0,0.507537688442211
516,189392,2064,0.9418029728236162,0.0,0.5588235294117647
517,189812,2068,0.931211806460328,0.0,0.5263157894736842
518,190232,2072,1.0393297713050573,0.0,0.5026178010471204
519,190780,2076,0.8370771999368772,0.0,0.5889830508474576
520,191104,2080,1.0344939893806013,0.0,0.5576923076923077
521,191524,2084,1.4248779924218777,0.0,0.45098039215686275
522,191816,2088,1.1407800658820169,0.0,0.5140845070422535
523,192172,2092,1.0888274220637744,0.0,0.5478723404255319
524,192656,2096,1.135050758151833,0.0,0.45454545454545453
525,193012,2100,1.4632418118702957,0.0,0.5213675213675214
526,193368,2104,1.1810117184098834,0.0,0.5126903553299492
527,193756,2108,0.9379846240296715,0.0,0.5401069518716578
528,194080,2112,1.172742805285334,0.0,0.585
529,194340,2116,1.0558629460018285,0.0,0.5629139072847682
530,194760,2120,1.4736638608751114,0.0,0.541095890410959
531,195148,2124,1.4633629464591038,0.0,0.5219123505976095
532,195568,2128,0.8987102754883552,0.0,0.5592417061611374
533,195828,2132,1.377714055833752,0.0,0.5113636363636364
534,196056,2136,1.3552303674654183,0.0,0.5104895104895105
535,196380,2140,1.3402763192905238,0.0,0.49765258215962443
536,196704,2144,1.3254380220748456,0.0,0.515625
537,197060,2148,1.0006447561607255,0.0,0.5112359550561798
538,197320,2152,1.2801146859617805,0.0,0.5780346820809249
539,197676,2156,1.5151578850518879,0.0,0.48034934497816595
540,198096,2160,0.942317731766441,0.0,0.510752688172043
541,198516,2164,1.2066439151681487,0.0,0.4782608695652174
542,198744,2168,1.1779138301697745,0.0,0.5572519083969466
543,199100,2172,1.131503303249574,0.0,0.5824742268041238
544,199520,2176,1.2483931891137514,0.0,0.5238095238095238
545,199812,2180,1.5145273717138297,0.0,0.5263157894736842
546,200104,2184,1.2724148280436263,0.0,0.4878048780487805
547,200364,2188,1.3590012688956516,0.0,0.562874251497006
548,200816,2192,1.058950335113818,0.0,0.5462962962962963
549,201172,2196,1.2515876218106166,0.0,0.5296803652968036
550,201496,2200,1.4356634327048237,0.0,0.5580357142857143
551,201884,2204,1.3315160591628523,0.0,0.5126050420168067
552,202336,2208,0.9154330063710322,0.0,0.5380952380952381
553,202564,2212,1.548500841031164,0.0,0.4675324675324675
554,202888,2216,1.517699938250882,0.0,0.49282296650717705
555,203436,2220,1.1392972219901085,0.0,0.5250836120401338
556,203760,2224,1.44878315219308,0.0,0.5700934579439252
557,204084,2228,0.9731637927408755,0.0,0.5222929936305732
558,204504,2232,1.2637176700058705,0.0,0.5172413793103449
559,204732,2236,1.410363402622071,0.0,0.49640287769784175
560,205248,2240,1.0141861241732852,0.0,0.556420233463035
561,205924,2244,0.8111410346022851,0.0,0.5243055555555556
562,206280,2248,1.1286936641684242,0.0,0.5195530726256983
563,206700,2252,0.9565945934291202,0.0,0.6386554621848739
564,206960,2256,1.1011529092337353,0.0,0.5611510791366906
565,207316,2260,1.3260784278205855,0.0,0.5094339622641509
566,207736,2264,1.339078120494054,0.0,0.5440613026819924
567,208156,2268,1.471081249307606,0.0,0.5310344827586206
568,208512,2272,1.2024829808010062,0.0,0.5388349514563107
569,208868,2276,1.414114309635985,0.0,0.484304932735426
570,209224,2280,0.8999431956135017,0.0,0.5828571428571429
571,209548,2284,1.3612235610182852,0.0,0.4632768361581921
572,209936,2288,0.9063481563779893,0.0,0.5294117647058824
573,210260,2292,1.1078029706132875,0.0,0.5574712643678161
574,210584,2296,1.391253496831141,0.0,0.5159817351598174
575,211100,2300,1.0815235135872654,0.0,0.5518518518518518
576,211488,2304,1.1308644150361815,0.0,0.555
577,211780,2308,1.1409448456685256,0.0,0.5333333333333333
578,212200,2312,1.2163047355857004,0.0,0.5211864406779662
579,212620,2316,1.00714416548277,0.0,0.494949494949495
580,212880,2320,1.0201936857573424,0.0,0.4672131147540984
581,213300,2324,1.0132086635143793,0.0,0.543778801843318
582,213688,2328,1.0573337928743103,0.0,0.5467980295566502
583,214044,2332,1.2325340421604623,0.0,0.5
584,214400,2336,0.9549510237581142,0.0,0.5604395604395604
585,214788,2340,1.4750576513155007,0.0,0.5
586,215368,2344,1.0626984643113055,0.0,0.5392491467576792
587,215756,2348,1.1374894391428827,0.0,0.5097087378640777
588,216144,2352,1.1654854999644775,0.0,0.527027027027027
589,216532,2356,0.7916459780248927,0.0,0.54375
590,216920,2360,0.9530396829650614,0.0,0.5792079207920792
591,217212,2364,1.3071218304517522,0.0,0.5059523809523809
592,217664,2368,1.073510124183011,0.0,0.5107296137339056
593,217956,2372,1.1096662785500107,0.0,0.5214723926380368
594,218376,2376,1.0505951849076571,0.0,0.5049019607843137
595,218828,2380,1.2086093036464678,0.0,0.5617529880478087
596,219184,2384,1.1431080798867423,0.0,0.5129533678756477
597,219572,2388,1.1658786082104629,0.0,0.485
598,219960,2392,1.0366662967603135,0.0,0.5081081081081081
599,220540,2396,0.9888147527948578,0.0,0.5475285171102662
600,220960,2400,1.0889071478992531,0.0,0.5637065637065637
601,221220,2404,1.1420837302078928,0.0,0.564625850340136
602,221544,2408,1.363459929983581,0.0,0.45989304812834225
603,221996,2412,0.9046356677931661,0.0,0.5333333333333333
604,222320,2416,1.0654846677004306,0.0,0.5913461538461539
605,222740,2420,1.2264882182418424,0.0,0.5258620689655172
606,223128,2424,0.9950411316189177,0.0,0.5544041450777202
607,223452,2428,1.1404698086626885,0.0,0.5666666666666667
608,223968,2432,1.1551066239154686,0.0,0.5143884892086331
609,224516,2436,0.917210377701374,0.0,0.5726495726495726
610,224872,2440,1.4806008577606122,0.0,0.47619047619047616
611,225292,2444,1.0586584444786227,0.0,0.5153061224489796
612,225552,2448,1.1171667101161484,0.0,0.456
613,225844,2452,1.1615852707493792,0.0,0.5636363636363636
614,226488,2456,0.9189485734709688,0.0,0.5218978102189781
615,226972,2460,1.0410882138277364,0.0,0.536697247706422
616,227360,2464,1.4274025088826967,0.0,0.5
617,227652,2468,1.148983159625297,0.0,0.5631578947368421
618,228008,2472,1.209591570187212,0.0,0.5024630541871922
619,228396,2476,1.0104163073650667,0.0,0.4727272727272727
620,228720,2480,1.0469599646509833,0.0,0.5167785234899329
621,229172,2484,1.0076523841831728,0.0,0.5887096774193549
622,229560,2488,1.2075568208892262,0.0,0.5702127659574469
623,229820,2492,1.180775377426801,0.0,0.5847953216374269
624,230176,2496,1.1934682419692102,0.0,0.48333333333333334
625,230532,2500,0.8411321337362012,0.0,0.6598984771573604
626,230952,2504,0.833818651450617,0.0,0.5195530726256983
627,231244,2508,1.4438259882873816,0.0,0.5082872928176796
628,231632,2512,1.1905072519237685,0.0,0.519650655021834
629,231988,2516,1.2297265424670227,0.0,0.5288461538461539
630,232248,2520,1.1626137793066504,0.0,0.5568862275449101
631,232636,2524,1.5202181840918894,0.0,0.4939759036144578
632,233056,2528,0.954480167678297,0.0,0.5276381909547738
633,233508,2532,1.3034145542112596,0.0,0.5130111524163569
634,233896,2536,0.7053741655057063,0.0,0.5602836879432624
635,234476,2540,0.8761180925892691,0.0,0.5178571428571429
636,234832,2544,1.045267963606117,0.0,0.5621890547263682
637,235348,2548,0.8472090167728283,0.0,0.6030534351145038
638,235800,2552,0.9149536564311985,0.0,0.5094339622641509
639,236348,2556,0.8831238339502095,0.0,0.5725806451612904
640,236672,2560,1.2854959027402308,0.0,0.5594059405940595
641,236996,2564,1.1388308467858124,0.0,0.4885057471264368
642,237320,2568,1.672117771938104,0.0,0.4669811320754717
643,237772,2572,0.8140780035506123,0.0,0.5882352941176471
644,238064,2576,1.0217922922676013,0.0,0.5617283950617284
645,238292,2580,1.0873132155626577,0.0,0.5206611570247934
646,238680,2584,0.9541650093705888,0.0,0.5081967213114754
647,238972,2588,1.1364085311192218,0.0,0.5421686746987951
648,239456,2592,0.89092716176195,0.0,0.5789473684210527
649,239812,2596,0.9833757557678738,0.0,0.49700598802395207
650,240168,2600,1.3044017678627295,0.0,0.46113989637305697
651,240524,2604,1.3213992070053189,0.0,0.4834123222748815
652,240880,2608,1.071275455298528,0.0,0.532967032967033
653,241204,2612,0.916482098993683,0.0,0.5104895104895105
654,241528,2616,1.6054335337466135,0.0,0.4778761061946903
655,241788,2620,1.1165463274627188,0.0,0.5960264900662252
656,242048,2624,1.4079861105596774,0.0,0.5319148936170213
657,242308,2628,0.9847156634828724,0.0,0.6
658,242728,2632,1.0771224221007956,0.0,0.4734042553191489
659,243212,2636,1.0561038716094113,0.0,0.4911504424778761
660,243536,2640,1.1892149543611021,0.0,0.5951219512195122
661,243860,2644,0.8009280554261642,0.0,0.5786163522012578
662,244248,2648,0.9995443507058734,0.0,0.6232558139534884
663,244636,2652,1.0027496618376512,0.0,0.5368421052631579
664,245248,2656,1.520061926023768,0.0,0.5314009661835749
665,245700,2660,1.4366476303672944,0.0,0.5265017667844523
666,246152,2664,0.7685344875246339,0.0,0.5873015873015873
667,246412,2668,0.753409455668069,0.0,0.678082191780822
668,246736,2672,1.2385662579268217,0.0,0.4342857142857143
669,247156,2676,1.2394731472576845,0.0,0.5525291828793775
670,247512,2680,1.113899582529194,0.0,0.5544041450777202
671,247868,2684,1.1913571404697003,0.0,0.48258706467661694
672,248448,2688,1.249548370970442,0.0,0.49846153846153846
673,248836,2692,1.4128140149597606,0.0,0.43601895734597157
674,249352,2696,1.0296930257961687,0.0,0.5642857142857143
675,249708,2700,1.3967418245442167,0.0,0.5670995670995671
676,250096,2704,1.3786783482027491,0.0,0.5341365461847389
677,250420,2708,1.4412989898296547,0.0,0.5073891625615764
678,250840,2712,0.7916379479953914,0.0,0.532258064516129
679,251292,2716,1.1379014186933785,0.0,0.502127659574468
680,251584,2720,0.8333742966288697,0.0,0.553030303030303
681,251940,2724,0.991380365373572,0.0,0.5612244897959183
682,252296,2728,1.2336348752750457,0.0,0.5344827586206896
683,252556,2732,1.1653801963240629,0.0,0.4791666666666667
684,252976,2736,0.9951786662251723,0.0,0.5434782608695652
685,253236,2740,0.9017345777502066,0.0,0.6232876712328768
686,253528,2744,1.1213118054989384,0.0,0.55
687,253980,2748,1.2572402434573398,0.0,0.4666666666666667
688,254304,2752,0.9962843714886491,0.0,0.5989304812834224
689,254820,2756,0.9395260992168728,0.0,0.5806451612903226
690,255208,2760,1.1615784768211943,0.0,0.5446428571428571
691,255628,2764,1.3198855613592189,0.0,0.4808510638297872
692,255984,2768,1.4513925254740927,0.0,0.4688995215311005
693,256244,2772,1.0624660536751367,0.0,0.5801526717557252
694,256568,2776,0.9683757659979584,0.0,0.5232558139534884
695,256956,2780,1.2845086761666085,0.0,0.5854545454545454
696,257312,2784,1.3458362579319112,0.0,0.4426229508196721
697,257700,2788,0.8714267211448669,0.0,0.6388888888888888
698,258024,2792,0.9175136738404216,0.0,0.5783132530120482
699,258348,2796,0.9099585017085756,0.0,0.5436241610738255
700,258672,2800,1.0145407953149932,0.0,0.5459459459459459
701,258932,2804,1.5711334430549209,0.0,0.45
702,259384,2808,0.7444158187095535,0.0,0.5058139534883721
703,259708,2812,0.8995350330872369,0.0,0.6214689265536724
704,260160,2816,0.7593207460306116,0.0,0.5454545454545454
705,260612,2820,0.9568012641064593,0.0,0.6077586206896551
706,261032,2824,1.0149884278853867,0.0,0.5868544600938967
707,261324,2828,1.3897329710249737,0.0,0.5326633165829145
708,261808,2832,1.1098844846712206,0.0,0.5767918088737202
709,262324,2836,0.9668405128767075,0.0,0.5591836734693878
710,262648,2840,1.4850439330331973,0.0,0.5584415584415584
711,262940,2844,1.1212212731631352,0.0,0.5375
712,263200,2848,1.2317256467946753,0.0,0.48936170212765956
713,263524,2852,1.401838936326374,0.0,0.588495575221239
714,263976,2856,1.0484372106386515,0.0,0.5550660792951542
715,264268,2860,1.0287168180615238,0.0,0.5688622754491018
716,264624,2864,1.2083281775203696,0.0,0.5560975609756098
717,264916,2868,1.1973985564004295,0.0,0.4785276073619632
718,265304,2872,1.100622339261168,0.0,0.5072463768115942
719,265852,2876,0.859605999107861,0.0,0.5607843137254902
720,266240,2880,1.3333096982434745,0.0,0.4720812182741117
721,266660,2884,1.106924049693915,0.0,0.6053639846743295
722,267080,2888,0.9284750218718888,0.0,0.5534883720930233
723,267372,2892,0.8915515505876446,0.0,0.48484848484848486
724,267632,2896,0.9883608959468007,0.0,0.5735294117647058
725,267988,2900,1.1918571317921538,0.0,0.5440414507772021
726,268568,2904,1.1185987532068369,0.0,0.5052264808362369
727,268796,2908,0.852208981344303,0.0,0.5726495726495726
728,269088,2912,0.921984736740813,0.0,0.6265822784810127
729,269348,2916,1.1125311424692619,0.0,0.5792682926829268
730,269736,2920,1.3005352994088988,0.0,0.4692982456140351
731,270028,2924,0.7764522302431396,0.0,0.688622754491018
732,270288,2928,1.0756945054205231,0.0,0.5342465753424658
733,270708,2932,1.0254610957270247,0.0,0.5822222222222222
734,271128,2936,0.7551988564235329,0.0,0.6328502415458938
735,271484,2940,1.1277757622786908,0.0,0.5340909090909091
736,271840,2944,0.904468201197719,0.0,0.6089385474860335
737,272196,2948,0.995800917754794,0.0,0.5657142857142857
738,272680,2952,1.0386858186439416,0.0,0.5468164794007491
739,273004,2956,1.0443929160299406,0.0,0.5197368421052632
740,273296,2960,1.2317040651406164,0.0,0.5459770114942529
741,273780,2964,1.0368367861711478,0.0,0.525
742,274328,2968,0.9978442282280615,0.0,0.5415162454873647
743,274652,2972,1.2465468218648184,0.0,0.5170454545454546
744,274976,2976,1.318967742668865,0.0,0.5028571428571429
745,275332,2980,1.1399363471265644,0.0,0.5846153846153846
746,275720,2984,0.9927506524902068,0.0,0.49162011173184356
747,276108,2988,0.9767768076489952,0.0,0.6030927835051546
748,276432,2992,0.8667922646803017,0.0,0.6217948717948718
749,276820,2996,1.3968314763185374,0.0,0.6275862068965518
750,277176,3000,1.052864759739164,0.0,0.586046511627907
751,277500,3004,1.1406356666492463,0.0,0.5139664804469274
752,277760,3008,1.4432688544141068,0.0,0.475
753,277988,3012,1.106163077500878,0.0,0.5116279069767442
754,278376,3016,1.150950541716602,0.0,0.5777777777777777
755,278700,3020,1.1079440884518783,0.0,0.5151515151515151
756,278992,3024,1.4671145719525684,0.0,0.48633879781420764
757,279252,3028,1.188117279106807,0.0,0.5256410256410257
758,279576,3032,1.3559279765548684,0.0,0.4880382775119617
759,279964,3036,1.0473788862262048,0.0,0.5174129353233831
760,280352,3040,1.276587138349884,0.0,0.48868778280542985
761,280740,3044,1.1692469922643636,0.0,0.48
762,281032,3048,1.3085105277679072,0.0,0.45806451612903226
763,281292,3052,1.0460040170512832,0.0,0.5
764,281744,3056,1.0047501611872238,0.0,0.529126213592233
765,282164,3060,0.8840992418284307,0.0,0.5828877005347594
766,282648,3064,0.8795481834816019,0.0,0.5231481481481481
767,283036,3068,1.1262470043011195,0.0,0.5897435897435898
768,283360,3072,1.0315608673926029,0.0,0.5895953757225434
769,283716,3076,1.0176960018947283,0.0,0.5060240963855421
770,284008,3080,1.2939501378405174,0.0,0.5
771,284236,3084,1.1492590146174655,0.0,0.551948051948052
772,284560,3088,1.2773155220067802,0.0,0.5666666666666667
773,284884,3092,1.1819759978433342,0.0,0.5888324873096447
774,285208,3096,1.0495298966938669,0.0,0.5664739884393064
775,285532,3100,0.8839733026954185,0.0,0.6
776,285856,3104,1.129463442193217,0.0,0.5165562913907285
777,286180,3108,1.2617692844958048,0.0,0.510989010989011
778,286504,3112,1.1803273677412132,0.0,0.5340314136125655
779,286860,3116,1.429061906893965,0.0,0.49777777777777776
780,287280,3120,1.2253065449483327,0.0,0.5316455696202531
781,287700,3124,1.0972345106657444,0.0,0.5450236966824644
782,288216,3128,1.0682651205400207,0.0,0.5398550724637681
783,288636,3132,0.8525382884688448,0.0,0.5492227979274611
784,289056,3136,1.250376052462669,0.0,0.5576923076923077
785,289380,3140,0.8763189055128695,0.0,0.5911949685534591
786,289800,3144,1.0252237245138138,0.0,0.5590909090909091
787,290092,3148,0.8123611730315407,0.0,0.6064516129032258
788,290416,3152,1.103949458207881,0.0,0.5209580838323353
789,290836,3156,0.9226598496777044,0.0,0.5660377358490566
790,291160,3160,0.9676585953723806,0.0,0.5714285714285714
791,291516,3164,1.1823569713881112,0.0,0.5925925925925926
792,291904,3168,1.20738014190869,0.0,0.5182186234817814
793,292388,3172,1.0430343342686186,0.0,0.5670498084291188
794,292936,3176,1.3606706634838228,0.0,0.5913705583756346
795,293260,3180,1.037275807027728,0.0,0.5597826086956522
796,293616,3184,1.347731100941623,0.0,0.4955357142857143
797,294004,3188,1.1885990665663688,0.0,0.5412844036697247
798,294424,3192,0.8361720829641576,0.0,0.53125
799,294844,3196,1.2851083790067617,0.0,0.5610687022900763
800,295072,3200,1.1503842183956425,0.0,0.5563380281690141
801,295396,3204,1.2864465121732682,0.0,0.538860103626943
802,295784,3208,1.0742247487205654,0.0,0.606694560669456
803,296172,3212,1.2527822733213603,0.0,0.5506072874493927
804,296624,3216,0.8346323302273179,0.0,0.6113744075829384
805,296948,3220,1.4111663130949017,0.0,0.5228426395939086
806,297336,3224,1.0642946004709917,0.0,0.5687203791469194
807,297660,3228,1.045687695408502,0.0,0.6022099447513812
808,298112,3232,1.1700325823122293,0.0,0.5289256198347108
809,298500,3236,1.1737083378916866,0.0,0.5833333333333334
810,298792,3240,1.1418146061447745,0.0,0.5636363636363636
811,299212,3244,0.893549049387691,0.0,0.5337078651685393
812,299472,3248,1.392572576127493,0.0,0.5403726708074534
813,299892,3252,0.891849753442324,0.0,0.5314285714285715
814,300280,3256,1.3422212018643298,0.0,0.4956140350877193
815,300572,3260,0.945164157338202,0.0,0.5976331360946746
816,301120,3264,1.0655618084613856,0.0,0.4868913857677903
817,301508,3268,1.2181977307120981,0.0,0.5511111111111111
818,301864,3272,1.0940575234720067,0.0,0.5428571428571428
819,302252,3276,0.8658929620618027,0.0,0.5256410256410257
820,302608,3280,1.3921164524010512,0.0,0.5103734439834025
821,303092,3284,1.1296327233318502,0.0,0.532319391634981
822,303544,3288,1.3157287396906205,0.0,0.5476190476190477
823,303804,3292,1.1654250236335542,0.0,0.5944444444444444
824,304224,3296,0.9241936147529586,0.0,0.5656108597285068
825,304452,3300,1.10586600767177,0.0,0.5294117647058824
826,304840,3304,1.4148616241089735,0.0,0.5265306122448979
827,305196,3308,1.0998107113844393,0.0,0.5432692307692307
828,305520,3312,1.0754097387239216,0.0,0.6255924170616114
829,305876,3316,1.245665432146337,0.0,0.49489795918367346
830,306168,3320,1.110437977225913,0.0,0.5919540229885057
831,306428,3324,1.0129531339560778,0.0,0.5185185185185185
832,306784,3328,1.214678923836479,0.0,0.5991189427312775
833,307204,3332,0.8579373042381444,0.0,0.5405405405405406
834,307432,3336,1.1353994721999074,0.0,0.5263157894736842
835,307756,3340,1.067216626852849,0.0,0.5277777777777778
836,308048,3344,1.0707934893137836,0.0,0.5375
837,308404,3348,1.2403499323726794,0.0,0.4947916666666667
838,308760,3352,0.9021481311276868,0.0,0.6358974358974359
839,309276,3356,1.1493833216993767,0.0,0.49480968858131485
840,309664,3360,0.8531295631806763,0.0,0.6082474226804123
841,310052,3364,1.2438461273281376,0.0,0.5736434108527132
842,310504,3368,1.051795054011745,0.0,0.5230125523012552
843,310764,3372,0.9657118847853757,0.0,0.5483870967741935
844,311120,3376,0.9531664642142296,0.0,0.6042780748663101
845,311476,3380,1.1599039166028475,0.0,0.5480769230769231
846,311832,3384,1.0565417826548709,0.0,0.5952380952380952
847,312156,3388,1.1179778388634958,0.0,0.5706214689265536
848,312416,3392,1.141528816400671,0.0,0.6242774566473989
849,312964,3396,1.0401912180419501,0.0,0.5491525423728814
850,313352,3400,1.1991177498012473,0.0,0.5526315789473685
851,313740,3404,1.1706926573387317,0.0,0.5748987854251012
852,314256,3408,0.8848426292121963,0.0,0.5573770491803278
853,314676,3412,0.8630407552014814,0.0,0.6267942583732058
854,315064,3416,1.1625258578877145,0.0,0.5188679245283019
855,315548,3420,1.2511169775940019,0.0,0.5469255663430421
856,316000,3424,0.8948770498229701,0.0,0.5727272727272728
857,316324,3428,0.9505579920920144,0.0,0.5952380952380952
858,316648,3432,0.9225234144417682,0.0,0.5853658536585366
859,317036,3436,0.978972886138052,0.0,0.572139303482587
860,317488,3440,1.0074097383827698,0.0,0.5737051792828686
861,317876,3444,1.1446962015541446,0.0,0.5442477876106194
862,318136,3448,1.075565914768587,0.0,0.54421768707483
863,318716,3452,1.0471550445716014,0.0,0.5115384615384615
864,319008,3456,1.196107439489147,0.0,0.5714285714285714
865,319492,3460,1.008011125547703,0.0,0.5443037974683544
866,319944,3464,0.8001220379289808,0.0,0.5833333333333334
867,320172,3468,1.0312773479726196,0.0,0.5304347826086957
868,320560,3472,1.0572442914534894,0.0,0.5787037037037037
869,320852,3476,1.2114495609100695,0.0,0.49404761904761907
870,321240,3480,0.6594442426663644,0.0,0.6470588235294118
871,321596,3484,1.202128357215363,0.0,0.4606741573033708
872,322144,3488,1.0103875641498128,0.0,0.5694444444444444
873,322500,3492,0.9923469108460364,0.0,0.616580310880829
874,323048,3496,0.8462730947121467,0.0,0.576
875,323308,3500,1.1997082584190313,0.0,0.5909090909090909
876,323760,3504,0.9605656853254609,0.0,0.5614035087719298
877,324180,3508,0.9099112114511672,0.0,0.5949367088607594
878,324632,3512,0.7329267356774102,0.0,0.631578947368421
879,324924,3516,1.3662869584288049,0.0,0.5471698113207547
880,325248,3520,1.1460963834860205,0.0,0.5783783783783784
881,325540,3524,1.1488122281179292,0.0,0.5828877005347594
882,325960,3528,1.0788525460398997,0.0,0.592156862745098
883,326284,3532,0.9554183607300711,0.0,0.6634146341463415
884,326576,3536,1.023170243778945,0.0,0.5636363636363636
885,326964,3540,1.306142646840266,0.0,0.553030303030303
886,327256,3544,0.9578952972956785,0.0,0.5751633986928104
887,327484,3548,1.1550103662505882,0.0,0.5343511450381679
888,327840,3552,1.2138696100383528,0.0,0.5670995670995671
889,328196,3556,1.3557183096345762,0.0,0.5608695652173913
890,328680,3560,1.1239487451798993,0.0,0.5789473684210527
891,328972,3564,1.0131989961733763,0.0,0.5
892,329360,3568,0.98675749832891,0.0,0.5353535353535354
893,329684,3572,1.0662596523898296,0.0,0.559322033898305
894,330040,3576,0.9414605768160303,0.0,0.5751295336787565
895,330364,3580,0.9941487295385347,0.0,0.5411764705882353
896,330624,3584,1.1877107442338513,0.0,0.5540540540540541
897,330852,3588,1.4324513764522921,0.0,0.47794117647058826
898,331144,3592,0.903559087619549,0.0,0.5576923076923077
899,331532,3596,1.0682228994543386,0.0,0.5787037037037037
900,331888,3600,0.8484236672592801,0.0,0.5914634146341463
901,332276,3604,1.0434157141761082,0.0,0.6244541484716157
902,332792,3608,0.9558739277167024,0.0,0.5736434108527132
903,333244,3612,0.7673982549215747,0.0,0.6143497757847534
904,333632,3616,1.3203854256225496,0.0,0.5468164794007491
905,334052,3620,0.9195882337486883,0.0,0.614406779661017
906,334376,3624,1.177566849572426,0.0,0.5487179487179488
907,334796,3628,0.9434310939378996,0.0,0.6289592760180995
908,335184,3632,1.4036675233443585,0.0,0.528
909,335572,3636,0.9460438117948277,0.0,0.6071428571428571
910,335896,3640,0.8754920417056915,0.0,0.6424870466321243
911,336284,3644,1.3143893511432345,0.0,0.48936170212765956
912,336704,3648,0.7902969155293561,0.0,0.625615763546798
913,337028,3652,1.1589915807673203,0.0,0.5459459459459459
914,337384,3656,0.8521348780137772,0.0,0.6338797814207651
915,337740,3660,1.1353605919960095,0.0,0.6108786610878661
916,338096,3664,0.8458283388825972,0.0,0.5469613259668509
917,338420,3668,0.9563082843919812,0.0,0.5301204819277109
918,338776,3672,0.9053795056095905,0.0,0.5228758169934641
919,339132,3676,0.6738157646089067,0.0,0.5906040268456376
920,339424,3680,1.0708099416894203,0.0,0.5900621118012422
921,339716,3684,1.1948394285547792,0.0,0.5333333333333333
922,339976,3688,0.8570372461845818,0.0,0.6492537313432836
923,340396,3692,1.3721325747703834,0.0,0.5507246376811594
924,340688,3696,1.1333509106221837,0.0,0.6021505376344086
925,341044,3700,1.1840753526373589,0.0,0.5938864628820961
926,341432,3704,0.6914739365056896,0.0,0.6595744680851063
927,341756,3708,1.04806912879425,0.0,0.5142857142857142
928,342144,3712,1.1435124592873633,0.0,0.5188679245283019
929,342628,3716,1.14356212494214,0.0,0.5464684014869888
930,342952,3720,1.1940579789605892,0.0,0.6333333333333333
931,343500,3724,0.9616602853364031,0.0,0.6012658227848101
932,343888,3728,1.1369169973918187,0.0,0.5889830508474576
933,344212,3732,1.1998044494391962,0.0,0.6084905660377359
934,344568,3736,0.8882898196023953,0.0,0.6291079812206573
935,345052,3740,1.0969595926585414,0.0,0.5366795366795367
936,345472,3744,1.09623054503208,0.0,0.49261083743842365
937,345828,3748,1.0711562810171709,0.0,0.5739910313901345
938,346184,3752,1.181768347075601,0.0,0.5343137254901961
939,346572,3756,1.0351507506021123,0.0,0.5972850678733032
940,346896,3760,0.9123297637507021,0.0,0.5375722543352601
941,347316,3764,1.134708258590726,0.0,0.5729537366548043
942,347608,3768,0.9025417016644361,0.0,0.6848484848484848
943,348124,3772,1.0948735648658983,0.0,0.5444839857651246
944,348512,3776,0.8829166509039078,0.0,0.6487603305785123
945,348932,3780,0.9814055582783978,0.0,0.5575221238938053
946,349576,3784,0.8181340577342284,0.0,0.524904214559387
947,350028,3788,0.8999159847740635,0.0,0.6060606060606061
948,350320,3792,0.9450498023777494,0.0,0.6865671641791045
949,350708,3796,1.2838216097818578,0.0,0.5708502024291497
950,351096,3800,0.9120301456271097,0.0,0.5645161290322581
951,351388,3804,1.076649961639608,0.0,0.543046357615894
952,351744,3808,0.62893014073273,0.0,0.6311475409836066
953,352004,3812,0.800566843295221,0.0,0.5952380952380952
954,352360,3816,0.9562390097480928,0.0,0.6432160804020101
955,352748,3820,1.0276663260071046,0.0,0.5683060109289617
956,353008,3824,1.317882022163808,0.0,0.5408805031446541
957,353428,3828,1.0331414068867428,0.0,0.5458715596330275
958,353816,3832,1.1843255661499976,0.0,0.5485232067510548
959,354140,3836,0.896837133602643,0.0,0.5833333333333334
960,354496,3840,0.9043420959509554,0.0,0.6381909547738693
961,355012,3844,0.9138576289227073,0.0,0.5977011494252874
962,355336,3848,0.9799250957687367,0.0,0.6377551020408163
963,355692,3852,0.6339278013392439,0.0,0.6807228915662651
964,355984,3856,1.0563609294400198,0.0,0.6
965,356372,3860,0.8559830153034502,0.0,0.6
966,356696,3864,1.1669378277159193,0.0,0.5614973262032086
967,357148,3868,0.8856856894801571,0.0,0.5420560747663551
968,357440,3872,0.8482567243616379,0.0,0.6549707602339181
969,357764,3876,0.9274223325672406,0.0,0.6491228070175439
970,358184,3880,0.7230335291674131,0.0,0.5888888888888889
971,358668,3884,0.7910882886794948,0.0,0.5848214285714286
972,358992,3888,1.4897917934710805,0.0,0.536036036036036
973,359252,3892,1.0982538930314405,0.0,0.5608108108108109
974,359640,3896,0.8560540267587627,0.0,0.5684210526315789
975,359964,3900,1.2104066049759414,0.0,0.526595744680851
976,360352,3904,0.9734960337636873,0.0,0.5959595959595959
977,360804,3908,0.9516258295573957,0.0,0.6259541984732825
978,361160,3912,0.7541729458113895,0.0,0.6225165562913907
979,361580,3916,1.0679214601396305,0.0,0.5659574468085107
980,361904,3920,1.1561711640747672,0.0,0.5459183673469388
981,362164,3924,1.119417859005234,0.0,0.61875
982,362424,3928,1.3354279419121828,0.0,0.5428571428571428
983,362748,3932,1.1937473097560978,0.0,0.5459459459459459
984,363104,3936,0.9023293854292779,0.0,0.5838509316770186
985,363556,3940,1.0213331412478561,0.0,0.5601659751037344
986,364072,3944,0.9744255104175943,0.0,0.6198630136986302
987,364460,3948,0.8995674025247316,0.0,0.5684210526315789
988,364752,3952,0.945983054488667,0.0,0.6089743589743589
989,365204,3956,0.9637557102505202,0.0,0.6457564575645757
990,365464,3960,0.9701913078210395,0.0,0.5766423357664233
991,365916,3964,1.0771911934821334,0.0,0.5687022900763359
992,366304,3968,1.062853527258453,0.0,0.54
993,366628,3972,0.9051680313357773,0.0,0.635
994,366952,3976,1.086269334593414,0.0,0.5423728813559322
995,367404,3980,1.0502646965008222,0.0,0.5485232067510548
996,367792,3984,1.0249113701853965,0.0,0.634453781512605
997,368116,3988,1.0631940493682361,0.0,0.5583756345177665
998,368440,3992,1.1084059105894029,0.0,0.5778894472361809
999,368764,3996,1.094422588597723,0.0,0.5687203791469194
1000,369152,4000,1.4606310126098048,0.0,0.5477031802120141
1001,369540,4004,0.9887096273609735,0.0,0.5284974093264249
1002,369832,4008,1.5134464781940713,0.0,0.4708994708994709
1003,370188,4012,0.8840462633177243,0.0,0.6484018264840182
1004,370544,4016,0.8388011788284199,0.0,0.6492146596858639
1005,370900,4020,0.9708943663335249,0.0,0.5647668393782384
1006,371512,4024,0.9883359425957072,0.0,0.5875706214689266
1007,371740,4028,0.8758891048823975,0.0,0.6115107913669064
1008,372096,4032,1.1687892126479,0.0,0.5240384615384616
1009,372676,4036,0.8692935641685781,0.0,0.5772058823529411
1010,373128,4040,0.8309178751217159,0.0,0.6779661016949152
1011,373516,4044,1.3115324067104286,0.0,0.5319148936170213
1012,373808,4048,1.1663995023856013,0.0,0.5121951219512195
1013,374132,4052,1.3380615642329432,0.0,0.5228426395939086
1014,374424,4056,1.0310372239479353,0.0,0.5378787878787878
1015,374716,4060,0.8249430957218606,0.0,0.6217948717948718
1016,375072,4064,0.9177130425631606,0.0,0.6909871244635193
1017,375588,4068,0.9637997383979452,0.0,0.5815602836879432
1018,375848,4072,1.138029096910425,0.0,0.5629139072847682
1019,376364,4076,1.033993138594441,0.0,0.5602605863192183
1020,376880,4080,0.9391694967180191,0.0,0.6597222222222222
1021,377108,4084,1.0767478948211207,0.0,0.6304347826086957
1022,377368,4088,0.8850154274871125,0.0,0.6099290780141844
1023,377660,4092,0.7180388719570779,0.0,0.675
1024,378080,4096,0.8941827530007151,0.0,0.5740740740740741
1025,378532,4100,1.2620155677884846,0.0,0.5328947368421053
1026,378952,4104,0.9991184374516011,0.0,0.5398230088495575
1027,379308,4108,0.918136619202889,0.0,0.6504854368932039
1028,379664,4112,1.117190208982308,0.0,0.5974025974025974
1029,380084,4116,0.9664938401286531,0.0,0.5467289719626168
1030,380376,4120,1.0085918288372362,0.0,0.639344262295082
1031,380796,4124,0.8453626875741276,0.0,0.6045454545454545
1032,381120,4128,1.2890949027343415,0.0,0.5965665236051502
1033,381540,4132,0.7976011575808801,0.0,0.5812807881773399
1034,381992,4136,0.9516860391366955,0.0,0.5194174757281553
1035,382348,4140,0.7863647611897175,0.0,0.6166666666666667
1036,382640,4144,1.3038273070590272,0.0,0.5508982035928144
1037,383124,4148,0.992613417576927,0.0,0.5271966527196653
1038,383448,4152,1.4662505610961216,0.0,0.5365853658536586
1039,383772,4156,1.1610676060083933,0.0,0.5166666666666667
1040,384128,4160,0.7081251294911777,0.0,0.630057803468208
1041,384420,4164,1.1080921343063155,0.0,0.5209580838323353
1042,384712,4168,1.0656863247613526,0.0,0.5714285714285714
1043,384972,4172,1.2399347848617674,0.0,0.5864197530864198
1044,385360,4176,1.1556053304340703,0.0,0.569620253164557
1045,385748,4180,1.1415152594944766,0.0,0.5603448275862069
1046,386040,4184,0.7742349334307306,0.0,0.656934306569343
1047,386428,4188,0.8604228124035503,0.0,0.5876288659793815
1048,386752,4192,0.8236973806674579,0.0,0.6167664670658682
1049,387204,4196,0.7910090468475351,0.0,0.6594827586206896
1050,387624,4200,1.165203816471484,0.0,0.5650557620817844
1051,388012,4204,0.8863882021685412,0.0,0.6108374384236454
1052,388272,4208,1.0305291921290958,0.0,0.56875
1053,388692,4212,0.9399930901184261,0.0,0.5694444444444444
1054,388984,4216,0.9403600116155051,0.0,0.4925373134328358
1055,389308,4220,0.791785965752575,0.0,0.6337209302325582
1056,389632,4224,1.0347657845365537,0.0,0.585635359116022
1057,389924,4228,1.063788192198047,0.0,0.6363636363636364
1058,390248,4232,0.9475233783934515,0.0,0.5913978494623656
1059,390604,4236,1.164156822403515,0.0,0.5733333333333334
1060,391056,4240,0.9813281134673822,0.0,0.6153846153846154
1061,391380,4244,0.9119708459833535,0.0,0.5359477124183006
1062,391640,4248,0.810714538928006,0.0,0.6198347107438017
1063,391868,4252,1.0150737875942677,0.0,0.593103448275862
1064,392224,4256,1.033352347615256,0.0,0.6363636363636364
1065,392612,4260,0.9740404135629427,0.0,0.5694444444444444
1066,392968,4264,0.6562061903336077,0.0,0.6558441558441559
1067,393324,4268,1.1378282021922563,0.0,0.5714285714285714
1068,393616,4272,0.7721591849360373,0.0,0.6777777777777778
1069,393940,4276,1.0335667917957343,0.0,0.5967741935483871
1070,394328,4280,0.9937863834175658,0.0,0.6157407407407407
1071,394684,4284,0.7891815557069962,0.0,0.61875
1072,395264,4288,0.96509380189758,0.0,0.5245283018867924
1073,395684,4292,0.7876194233200408,0.0,0.6261682242990654
1074,396136,4296,0.7640663808455779,0.0,0.574468085106383
1075,396460,4300,1.393952636183466,0.0,0.5907172995780591
1076,396816,4304,1.0948217332688364,0.0,0.5472636815920398
1077,397300,4308,1.0785486457738136,0.0,0.54296875
1078,397784,4312,0.8504524885396738,0.0,0.5357142857142857
1079,398204,4316,0.9881904948131138,0.0,0.597457627118644
1080,398624,4320,0.7647783161716577,0.0,0.6280193236714976
1081,399076,4324,0.6350241583316801,0.0,0.6101694915254238
1082,399400,4328,1.0126169092585933,0.0,0.6022727272727273
1083,399916,4332,1.3824678941687505,0.0,0.47635135135135137
1084,400336,4336,0.7772537089390371,0.0,0.6476190476190476
1085,400660,4340,0.922353921277022,0.0,0.6335403726708074
1086,400952,4344,0.986769515366169,0.0,0.622093023255814
1087,401276,4348,1.0228936042446883,0.0,0.6
1088,401632,4352,0.9908600991020372,0.0,0.5699481865284974
1089,401924,4356,1.0882005299813864,0.0,0.6
1090,402408,4360,1.1977895863832841,0.0,0.5785714285714286
1091,402828,4364,0.8581375623541477,0.0,0.6476190476190476
1092,403376,4368,0.9374706567303238,0.0,0.6396103896103896
1093,403700,4372,1.0017307824079862,0.0,0.622093023255814
1094,404120,4376,0.8700837295055065,0.0,0.5874439461883408
1095,404540,4380,0.6416135396272421,0.0,0.6030150753768844
1096,404800,4384,0.8032462974237319,0.0,0.656934306569343
1097,405156,4388,1.0045835751874537,0.0,0.6019417475728155
1098,405448,4392,0.9947030573042979,0.0,0.5882352941176471
1099,405740,4396,1.283905989177742,0.0,0.5671641791044776
1100,406128,4400,0.7867568820943052,0.0,0.6697674418604651
1101,406548,4404,0.7323462380676825,0.0,0.5706806282722513
1102,407032,4408,0.7182582461107984,0.0,0.6475770925110133
1103,407292,4412,1.0436777022343517,0.0,0.6126760563380281
1104,407776,4416,0.8131916084845386,0.0,0.5903083700440529
1105,408164,4420,1.1793817850569823,0.0,0.5518867924528302
1106,408488,4424,0.9513852444483746,0.0,0.5904255319148937
1107,408908,4428,0.9416684768337993,0.0,0.6317991631799164
1108,409264,4432,0.7816616476337931,0.0,0.6436170212765957
1109,409492,4436,1.3735152929737369,0.0,0.5294117647058824
1110,409880,4440,1.0986813533113202,0.0,0.5070422535211268
1111,410364,4444,0.7695866360088757,0.0,0.6278026905829597
1112,410752,4448,1.0606857297260395,0.0,0.6305220883534136
1113,411044,4452,1.2209892846367296,0.0,0.5480225988700564
1114,411400,4456,0.9799503234799393,0.0,0.5392670157068062
1115,411756,4460,0.8022394324660223,0.0,0.6129032258064516
1116,412112,4464,0.8976939111437819,0.0,0.6485148514851485
1117,412532,4468,0.6908473145920602,0.0,0.6035502958579881
1118,413080,4472,0.9527395920022173,0.0,0.503968253968254
1119,413468,4476,0.9668632521940573,0.0,0.6057692307692307
1120,413760,4480,1.0770885516778952,0.0,0.5846994535519126
1121,414116,4484,1.1929217634440341,0.0,0.5855855855855856
1122,414440,4488,0.9377236377724876,0.0,0.5606936416184971
1123,414764,4492,1.128178893038936,0.0,0.5647668393782384
1124,415184,4496,1.178175351872432,0.0,0.547244094488189
1125,415508,4500,0.9630164805387021,0.0,0.676923076923077
1126,415832,4504,0.8382698023436254,0.0,0.6
1127,416380,4508,0.9239051745010455,0.0,0.6188811188811189
1128,416800,4512,1.257345196817352,0.0,0.5062240663900415
1129,417124,4516,1.0679128923885997,0.0,0.5595854922279793
1130,417416,4520,0.8551996744116921,0.0,0.6467065868263473
1131,417612,4524,1.281410927349805,0.0,0.5714285714285714
1132,418128,4528,0.8050231992214065,0.0,0.6008771929824561
1133,418548,4532,1.4636992911897377,0.0,0.4855072463768116
1134,418904,4536,1.308691849182454,0.0,0.5877551020408164
1135,419324,4540,0.8358785351787243,0.0,0.6621621621621622
1136,419680,4544,1.1986129980423508,0.0,0.6309523809523809
1137,420036,4548,1.5376232592778847,0.0,0.5058365758754864
1138,420200,4552,0.7506853877104402,0.25,0.6756756756756757
1139,420556,4556,0.9677698313082299,0.0,0.5888324873096447
1140,420976,4560,0.7861581784644757,0.0,0.5924170616113744
1141,421268,4564,1.0007523112328132,0.0,0.6
1142,421496,4568,1.0574909575741391,0.0,0.549618320610687
1143,421820,4572,0.7973218871816117,0.0,0.5486111111111112
1144,422368,4576,0.6622676311510793,0.0,0.5670103092783505
1145,422660,4580,0.9242084198025986,0.0,0.6074074074074074
1146,422888,4584,0.9422671162310455,0.0,0.6206896551724138
1147,423244,4588,0.9487168325297725,0.0,0.5174418604651163
1148,423504,4592,0.9373230846385423,0.0,0.6275862068965518
1149,423892,4596,0.9700880609068706,0.0,0.636734693877551
1150,424280,4600,1.2321888719558773,0.0,0.465
1151,424828,4604,0.86741659307157,0.0,0.5947955390334573
1152,425344,4608,0.9844651704791755,0.0,0.5896414342629482
1153,425764,4612,1.0821814773067662,0.0,0.6241610738255033
1154,426056,4616,1.2496843462433602,0.0,0.5958549222797928
1155,426380,4620,0.5609205914585127,0.0,0.6666666666666666
1156,426864,4624,0.8708611215761818,0.0,0.5854700854700855
1157,427316,4628,0.9812434594754699,0.0,0.6037037037037037
1158,427800,4632,1.1595150675100092,0.0,0.5272727272727272
1159,428156,4636,1.0478156612978444,0.0,0.6
1160,428448,4640,1.1925328093008385,0.0,0.5060975609756098
1161,428868,4644,1.0101261942529856,0.0,0.5416666666666666
1162,429256,4648,1.0117075867076137,0.0,0.5555555555555556
1163,429548,4652,1.0689809822643292,0.0,0.5705882352941176
1164,429936,4656,1.0155199221596316,0.0,0.5450236966824644
1165,430260,4660,0.8075405921871079,0.0,0.5977011494252874
1166,430552,4664,1.0613888507185807,0.0,0.5621621621621622
1167,430876,4668,1.5493247563536454,0.0,0.5044642857142857
1168,431264,4672,0.9476737775681507,0.0,0.5628140703517588
1169,431652,4676,1.1757716931171323,0.0,0.5550847457627118
1170,431944,4680,0.9311043177710557,0.0,0.5673758865248227
1171,432364,4684,1.0403821304431582,0.0,0.6015625
1172,432656,4688,0.8920286320467079,0.0,0.6459627329192547
1173,433044,4692,1.0312533928483647,0.0,0.5982905982905983
1174,433464,4696,0.8777378679233823,0.0,0.6132075471698113
1175,433852,4700,0.8458647358128436,0.0,0.6020942408376964
1176,434176,4704,0.9994082359020648,0.0,0.5919540229885057
1177,434468,4708,0.942889056874889,0.0,0.6068965517241379
1178,434888,4712,1.051434172074294,0.0,0.5550660792951542
1179,435212,4716,1.1453243208363872,0.0,0.5943396226415094
1180,435536,4720,0.9077253680443482,0.0,0.651685393258427
1181,435956,4724,0.8695192282617608,0.0,0.5846153846153846
1182,436344,4728,0.8432344486333733,0.0,0.5824742268041238
1183,436732,4732,0.9538326605200426,0.0,0.6100917431192661
1184,437056,4736,0.9018837460345693,0.0,0.5507246376811594
1185,437348,4740,0.9033579427579834,0.0,0.5704225352112676
1186,437640,4744,1.047344472461183,0.0,0.585635359116022
1187,438028,4748,1.1718746074962938,0.0,0.6083333333333333
1188,438544,4752,0.813557596045354,0.0,0.6492537313432836
1189,438868,4756,0.9459826591461915,0.0,0.6010362694300518
1190,439128,4760,1.2455007876447213,0.0,0.5935828877005348
1191,439548,4764,1.1957696592099154,0.0,0.6328671328671329
1192,439872,4768,1.1207777962345538,0.0,0.5592417061611374
1193,440324,4772,1.0187493632661322,0.0,0.6205673758865248
1194,440744,4776,0.8201888823937603,0.0,0.6069651741293532
1195,441164,4780,0.776092976851555,0.0,0.6221198156682027
1196,441584,4784,0.7894716159588118,0.0,0.6359447004608295
1197,441876,4788,1.4558141460068983,0.0,0.47093023255813954
1198,442392,4792,0.6678834508162304,0.0,0.6638297872340425
1199,442748,4796,0.9856299387434455,0.0,0.6071428571428571
1200,443104,4800,1.3525595573664262,0.0,0.5117370892018779
1201,443460,4804,1.1315802174518708,0.0,0.5814977973568282
1202,443784,4808,1.2206792256076695,0.0,0.5666666666666667
1203,444076,4812,1.0887209599249879,0.0,0.6298342541436464
1204,444464,4816,0.8441753647089176,0.0,0.6294642857142857
1205,444852,4820,0.8646447093027496,0.0,0.5989583333333334
1206,445144,4824,1.087158442553756,0.0,0.5398773006134969
1207,445532,4828,0.9789384766436796,0.0,0.5695067264573991
1208,445920,4832,1.2392902018478926,0.0,0.5089285714285714
1209,446436,4836,0.8697418601687326,0.0,0.6111111111111112
1210,446792,4840,1.1940099947248797,0.0,0.5376884422110553
1211,447212,4844,1.1664865251958383,0.0,0.5281385281385281
1212,447568,4848,1.1542703839052815,0.0,0.5625
1213,447956,4852,1.1006343093291753,0.0,0.5747663551401869
1214,448216,4856,1.0272710019442945,0.0,0.6140350877192983
1215,448572,4860,0.943696075359007,0.0,0.6097560975609756
1216,448960,4864,1.3447314660200957,0.0,0.540084388185654
1217,449252,4868,1.0835172884646789,0.0,0.5283018867924528
1218,449864,4872,0.7151080574746999,0.0,0.5912698412698413
1219,450220,4876,1.0338798008450067,0.0,0.5825242718446602
1220,450576,4880,0.827362027829738,0.0,0.6318681318681318
1221,450900,4884,0.8996411992213899,0.0,0.6096256684491979
1222,451288,4888,0.8808952989909562,0.0,0.6063829787234043
1223,451548,4892,0.8613356457399072,0.25,0.6
1224,451936,4896,1.062789112314969,0.0,0.5580110497237569
1225,452260,4900,0.8747332164329492,0.0,0.6206896551724138
1226,452616,4904,1.3676856281690173,0.0,0.548936170212766
1227,452940,4908,0.9551141751414232,0.0,0.543046357615894
1228,453200,4912,1.1468937026520938,0.0,0.5872093023255814
1229,453748,4916,0.7325390482021238,0.0,0.5826446280991735
1230,454072,4920,0.839575287385369,0.0,0.7150259067357513
1231,454588,4924,0.8009655046047818,0.0,0.574468085106383
1232,454976,4928,1.1027104833472532,0.0,0.6174242424242424
1233,455396,4932,1.1015651729765257,0.0,0.5594713656387665
1234,455720,4936,0.8555174098763437,0.0,0.6303030303030303
1235,456108,4940,1.3080024447676324,0.0,0.544
1236,456368,4944,1.1013408599358736,0.0,0.5766871165644172
1237,456948,4948,1.2312734239821448,0.0,0.599483204134367
1238,457208,4952,0.9637288175934122,0.0,0.5384615384615384
1239,457596,4956,1.1037988065583966,0.0,0.5555555555555556
1240,457856,4960,0.7557764081020069,0.0,0.6729559748427673
1241,458244,4964,0.9963740818687922,0.25,0.5736842105263158
1242,458568,4968,0.7828455859649021,0.0,0.5973154362416108
1243,458924,4972,0.9827945425152079,0.0,0.555
1244,459280,4976,1.1168101694163142,0.0,0.5813953488372093
1245,459540,4980,1.0049386948042227,0.0,0.6081081081081081
1246,459960,4984,1.3134696497101002,0.0,0.5671641791044776
1247,460668,4988,0.9728071298050054,0.0,0.6038781163434903
1248,461120,4992,1.1542776056959188,0.0,0.5611510791366906
1249,461604,4996,1.1611057964846774,0.0,0.6013289036544851
1250,461992,5000,0.88706580042982,0.0,0.6502242152466368
1251,462316,5004,0.7608798891762945,0.0,0.6050955414012739
1252,462640,5008,0.8140006449673537,0.0,0.7107843137254902
1253,463124,5012,0.7208802810611105,0.0,0.6322869955156951
1254,463384,5016,0.8263765184405519,0.0,0.5955882352941176
1255,463740,5020,1.4266916750979346,0.0,0.5261044176706827
1256,464096,5024,0.8121613971221415,0.0,0.6651376146788991
1257,464388,5028,1.1818409030047916,0.0,0.6482412060301508
1258,464712,5032,0.8321291887114757,0.0,0.6744186046511628
1259,465100,5036,1.030185158882335,0.0,0.5505050505050505
1260,465328,5040,1.236825142638289,0.0,0.547945205479452
1261,465780,5044,1.3636776004965045,0.0,0.5562310030395137
1262,466200,5048,0.8716412860663135,0.0,0.6051282051282051
1263,466652,5052,0.9014663449979577,0.0,0.6224066390041494
1264,466848,5056,0.7226185867102989,0.25,0.6704545454545454
1265,467268,5060,1.5371598941530122,0.0,0.4907749077490775
1266,467560,5064,1.0559533536766166,0.0,0.5859872611464968
1267,468108,5068,0.7834397786458258,0.0,0.5617021276595745
1268,468496,5072,0.7538351275584413,0.0,0.6067415730337079
1269,468916,5076,0.9060156526716981,0.0,0.532608695652174
1270,469336,5080,0.8507435605335204,0.0,0.6261682242990654
1271,469724,5084,0.8960448565441487,0.0,0.6071428571428571
1272,470080,5088,1.0722193988379547,0.0,0.5303030303030303
1273,470340,5092,0.7020395476111868,0.0,0.6906474820143885
1274,470600,5096,1.0699797931950934,0.0,0.5704225352112676
1275,470796,5100,1.009592960272293,0.0,0.6031746031746031
1276,471376,5104,0.656222387625403,0.0,0.6222222222222222
1277,471636,5108,0.9450096735485995,0.0,0.6490066225165563
1278,471896,5112,1.166171507962622,0.0,0.5764705882352941
1279,472220,5116,1.0597606244981435,0.0,0.5795454545454546
1280,472576,5120,0.9383532249890062,0.0,0.6073059360730594
1281,473124,5124,1.1835837722641394,0.0,0.5371621621621622
1282,473544,5128,0.6836651702530449,0.0,0.6732673267326733
1283,473932,5132,0.9986700071426133,0.0,0.6047619047619047
1284,474256,5136,0.9022727028045436,0.0,0.6263157894736842
1285,474580,5140,0.5977477730083725,0.0,0.6845637583892618
1286,474968,5144,0.8851218241160472,0.0,0.625
1287,475516,5148,0.6683111781706428,0.0,0.6254980079681275
1288,475904,5152,1.197623824721747,0.0,0.5540540540540541
1289,476292,5156,1.0115322513560796,0.0,0.5586854460093896
1290,476648,5160,1.0598863246451518,0.0,0.5741626794258373
1291,476844,5164,0.7682735713215242,0.25,0.6526315789473685
1292,477232,5168,1.1394265548291755,0.0,0.592156862745098
1293,477748,5172,0.9082134650567348,0.0,0.6136363636363636
1294,478072,5176,1.0246135957552887,0.0,0.5792349726775956
1295,478492,5180,1.2789301162502051,0.0,0.525691699604743
1296,478880,5184,0.8059793901207312,0.0,0.5944444444444444
1297,479140,5188,0.981864734240162,0.0,0.5870967741935483
1298,479496,5192,0.8135091910768725,0.0,0.6807511737089202
1299,479852,5196,1.00354867005191,0.0,0.6291666666666667
1300,480208,5200,1.3006668892925863,0.0,0.47596153846153844
1301,480596,5204,1.126232934661002,0.0,0.54337899543379
1302,480984,5208,0.9637982385797068,0.0,0.5852534562211982
1303,481212,5212,1.095739581699853,0.0,0.5985401459854015
1304,481568,5216,1.0542032045070118,0.0,0.5957446808510638
1305,481956,5220,0.8958447925176506,0.0,0.6030927835051546
1306,482440,5224,1.2802886680642696,0.0,0.5504885993485342
1307,482796,5228,0.6388699663747138,0.0,0.6804733727810651
1308,483152,5232,1.2233505389475898,0.0,0.5850622406639004
1309,483540,5236,0.8084240327140932,0.0,0.6502463054187192
1310,483928,5240,1.0157460377535774,0.0,0.5948275862068966
1311,484316,5244,0.6996997811190856,0.0,0.6923076923076923
1312,484800,5248,0.8503431202014291,0.0,0.5914396887159533
1313,485252,5252,0.8881488503494049,0.0,0.6153846153846154
1314,485544,5256,1.0501811549025013,0.25,0.5714285714285714
1315,485996,5260,0.7651815034790674,0.0,0.6244343891402715
1316,486256,5264,0.9628250809460537,0.0,0.6344827586206897
1317,486612,5268,1.2303656778830492,0.0,0.5517241379310345
1318,487000,5272,1.047573235702448,0.0,0.5804878048780487
1319,487292,5276,0.7805637859954863,0.25,0.6115107913669064
1320,487648,5280,0.5605503341501988,0.25,0.7027027027027027
1321,488004,5284,0.9729625973749286,0.0,0.6
1322,488488,5288,1.1088972345144017,0.0,0.5547169811320755
1323,488812,5292,0.9755318123609813,0.0,0.56353591160221
1324,489200,5296,1.2421828768215282,0.0,0.4977168949771689
1325,489620,5300,1.0404353025634228,0.0,0.5466101694915254
1326,489944,5304,1.164576788493872,0.0,0.5105263157894737
1327,490364,5308,0.8538237425147907,0.0,0.5812807881773399
1328,490624,5312,0.9173224730003109,0.0,0.5902777777777778
1329,490980,5316,0.9933308704778466,0.0,0.6306306306306306
1330,491240,5320,0.9131699207918563,0.0,0.5511811023622047
1331,491468,5324,0.9854772957253471,0.0,0.6115702479338843
1332,491888,5328,1.060619763548603,0.0,0.5777777777777777
1333,492180,5332,1.119092770953238,0.0,0.5542857142857143
1334,492408,5336,0.7353915197895081,0.0,0.6146788990825688
1335,492924,5340,0.7474339041450088,0.0,0.6226415094339622
1336,493472,5344,0.7167434225340958,0.0,0.5911111111111111
1337,493732,5348,0.559403585222879,0.25,0.7317073170731707
1338,494280,5352,0.651084588468341,0.0,0.6217391304347826
1339,494604,5356,0.9230657279397594,0.0,0.6290322580645161
1340,495024,5360,0.8399753005165844,0.0,0.615
1341,495252,5364,1.0871919720567895,0.0,0.5461538461538461
1342,495608,5368,0.5912854101469133,0.0,0.6326530612244898
1343,496092,5372,0.9052198979485395,0.0,0.5708333333333333
1344,496672,5376,0.9530027718099043,0.0,0.49800796812749004
1345,496996,5380,1.022738648694006,0.0,0.580110497237569
1346,497352,5384,1.1458163603111036,0.0,0.5139664804469274
1347,497708,5388,0.9036367933076218,0.0,0.5979381443298969
1348,498128,5392,0.9588181606943474,0.0,0.6172839506172839
1349,498516,5396,0.7236262096675725,0.0,0.6455026455026455
1350,498904,5400,0.864768392781084,0.0,0.6216216216216216
1351,499228,5404,0.9508101182213287,0.0,0.6049382716049383
1352,499552,5408,0.9428364794666226,0.0,0.6428571428571429
1353,499940,5412,1.2878426058987686,0.0,0.5275590551181102
1354,500328,5416,0.8796462105052149,0.0,0.5961538461538461
1355,500620,5420,1.1082138177528984,0.0,0.6274509803921569
1356,500944,5424,1.032203439362727,0.0,0.5393258426966292
1357,501332,5428,0.8336437711932391,0.0,0.6130653266331658
1358,501688,5432,1.0345028176648405,0.0,0.5665024630541872
1359,502012,5436,1.2352417283018249,0.0,0.5469613259668509
1360,502368,5440,0.9009218720581128,0.0,0.6410256410256411
1361,502660,5444,1.0009560676386622,0.0,0.611764705882353
1362,503016,5448,0.8504525979357848,0.0,0.6395939086294417
1363,503340,5452,0.8509529613296053,0.25,0.6294117647058823
1364,503760,5456,0.9476947128383052,0.0,0.6036036036036037
1365,503988,5460,0.8749787271490187,0.0,0.6190476190476191
1366,504376,5464,0.8959847363068093,0.0,0.6536796536796536
1367,504796,5468,0.89905392337862,0.0,0.5621621621621622
1368,505312,5472,0.7913201923752526,0.0,0.6172839506172839
1369,505668,5476,1.052469123542743,0.0,0.6946564885496184
1370,506024,5480,0.9043981092192251,0.0,0.6313131313131313
1371,506348,5484,0.9171203516895364,0.0,0.543046357615894
1372,506864,5488,0.7565651240725688,0.0,0.55
1373,507124,5492,0.9984007462505009,0.0,0.6140350877192983
1374,507608,5496,0.7608572172859258,0.0,0.6495726495726496
1375,507996,5500,1.0293099095584994,0.0,0.5863453815261044
1376,508288,5504,0.9481138108387456,0.0,0.5641025641025641
1377,508708,5508,0.8270932799545434,0.0,0.510752688172043
1378,509160,5512,0.6169017915555235,0.0,0.6421052631578947
1379,509484,5516,0.8959027908539448,0.0,0.5873015873015873
1380,509840,5520,0.8008193702444913,0.0,0.6344086021505376
1381,510100,5524,0.8872927954144063,0.0,0.5821917808219178
1382,510456,5528,1.107446058117029,0.25,0.5555555555555556
1383,510780,5532,0.6854895833041065,0.0,0.6705882352941176
1384,511072,5536,0.8144528884705283,0.0,0.6234567901234568
1385,511396,5540,1.134610655968081,0.0,0.6080402010050251
1386,511880,5544,0.6633946226035522,0.0,0.6114285714285714
1387,512300,5548,0.7432139836809283,0.0,0.5854922279792746
1388,512688,5552,0.830231134762759,0.0,0.5738636363636364
1389,513012,5556,1.0017619941517806,0.0,0.5642458100558659
1390,513272,5560,0.847586732627849,0.0,0.5423728813559322
1391,513660,5564,0.7657549945032391,0.0,0.5760869565217391
1392,514048,5568,1.1218971479790645,0.0,0.5702127659574469
1393,514372,5572,1.0049260459248743,0.0,0.49079754601226994
1394,514632,5576,1.0448520956500351,0.0,0.5844155844155844
1395,515052,5580,0.9272552228565473,0.0,0.5588235294117647
1396,515344,5584,0.9766432238278827,0.0,0.6331360946745562
1397,515764,5588,0.7695930728988347,0.0,0.6060606060606061
1398,516152,5592,1.0172034749966692,0.0,0.5670103092783505
1399,516508,5596,1.0884826295212042,0.0,0.47928994082840237
1400,516832,5600,0.9145508204960133,0.0,0.6242774566473989
1401,517220,5604,0.9676009542569152,0.0,0.5902439024390244
1402,517544,5608,1.0022926162454733,0.0,0.6237623762376238
1403,517996,5612,1.0105501774592482,0.0,0.6072874493927125
1404,518576,5616,1.1131196044073954,0.0,0.5205047318611987
1405,518964,5620,1.261431455449444,0.0,0.5654008438818565
1406,519416,5624,1.2595568043273133,0.0,0.5613382899628253
1407,519708,5628,1.2555550287547703,0.0,0.5706806282722513
1408,520064,5632,0.7235322401836553,0.0,0.6
1409,520516,5636,0.8982368621405789,0.0,0.5656108597285068
1410,520936,5640,0.8282868356611162,0.0,0.5404040404040404
1411,521292,5644,0.9658061111440897,0.0,0.6255506607929515
1412,521680,5648,1.0442027539121401,0.0,0.5909090909090909
1413,522004,5652,1.1674569694597365,0.0,0.4883720930232558
1414,522232,5656,0.9188662791365615,0.0,0.5603448275862069
1415,522556,5660,1.0901276490327545,0.0,0.5260115606936416
1416,523104,5664,1.0284714050000388,0.0,0.5958904109589042
1417,523556,5668,1.061419955366126,0.0,0.5431034482758621
1418,523816,5672,1.040618583160376,0.0,0.6012658227848101
1419,524108,5676,1.0858017506275888,0.0,0.5872093023255814
1420,524464,5680,1.1479618646684784,0.25,0.5549738219895288
1421,524692,5684,0.9221870681594269,0.0,0.5431034482758621
1422,525016,5688,1.1015477904858408,0.0,0.532967032967033
1423,525308,5692,0.9610151233379374,0.25,0.5648854961832062
1424,525664,5696,1.1108537831924283,0.0,0.5974025974025974
1425,526116,5700,0.9048883835776677,0.0,0.5743801652892562
1426,526440,5704,0.7861705912881671,0.0,0.5755395683453237
1427,526764,5708,1.1482448256883213,0.0,0.5255102040816326
1428,527184,5712,0.8267053072939954,0.0,0.553763440860215
1429,527604,5716,0.9158436254167225,0.0,0.6255707762557078
1430,527864,5720,0.861933430026769,0.0,0.6666666666666666
1431,528124,5724,0.7298492109106666,0.0,0.6510067114093959
1432,528448,5728,0.9749660038838194,0.0,0.5697674418604651
1433,528804,5732,1.0969496618696837,0.0,0.5970149253731343
1434,529160,5736,1.0148480622222484,0.0,0.5665024630541872
1435,529484,5740,0.7047172006022474,0.0,0.6488095238095238
1436,529776,5744,1.1194542910890073,0.0,0.5454545454545454
1437,530132,5748,0.9200432275296039,0.0,0.605
1438,530488,5752,0.7910993938916081,0.0,0.6745283018867925
1439,530780,5756,1.2656629366489445,0.0,0.4966887417218543
1440,531008,5760,0.8270798287314326,0.0,0.6690647482014388
1441,531396,5764,1.0405980205173713,0.0,0.5330188679245284
1442,531624,5768,0.9802614029821325,0.0,0.6418918918918919
1443,531884,5772,1.0170688064431026,0.0,0.6069364161849711
1444,532240,5776,0.917000431324488,0.0,0.5909090909090909
1445,532596,5780,1.021783498942125,0.0,0.5915492957746479
1446,532984,5784,0.8532213924950843,0.0,0.6095238095238096
1447,533308,5788,1.1311903246802355,0.0,0.49404761904761907
1448,533536,5792,0.8339507258542278,0.0,0.5964912280701754
1449,533924,5796,0.9208677926647789,0.0,0.5860215053763441
1450,534216,5800,0.8451501943328947,0.0,0.625
1451,534508,5804,1.2188663737172647,0.0,0.5757575757575758
1452,534800,5808,0.7638315115400635,0.25,0.6180555555555556
1453,535284,5812,1.1155373496126857,0.0,0.631578947368421
1454,535608,5816,1.1427659324358654,0.0,0.5913978494623656
1455,535996,5820,1.221362512113674,0.0,0.5271966527196653
1456,536320,5824,1.2978986637159395,0.0,0.5628140703517588
1457,536612,5828,1.0166767664812606,0.0,0.5660377358490566
1458,537096,5832,0.8701793519002735,0.0,0.6099585062240664
1459,537452,5836,1.1703667644253204,0.0,0.5981735159817352
1460,537904,5840,1.0717775863718102,0.0,0.5860805860805861
1461,538260,5844,1.0501259109983376,0.0,0.5736842105263158
1462,538584,5848,1.0656782491793897,0.0,0.6108108108108108
1463,538908,5852,0.7731453672031766,0.0,0.5562913907284768
1464,539328,5856,0.9175692912532613,0.0,0.5720930232558139
1465,539620,5860,1.2584391549073157,0.0,0.5574712643678161
1466,540104,5864,0.9092858529072575,0.0,0.5570175438596491
1467,540588,5868,0.6114198339683075,0.0,0.6577540106951871
1468,541008,5872,0.6675414329055538,0.0,0.6512820512820513
1469,541460,5876,1.0701143618069948,0.0,0.6
1470,541720,5880,1.008929342513761,0.0,0.5704225352112676
1471,542172,5884,0.9278213917543547,0.0,0.5609756097560976
1472,542560,5888,0.9903670094115506,0.0,0.6045454545454545
1473,542948,5892,0.9182087582877796,0.0,0.6108597285067874
1474,543304,5896,1.0019594260474431,0.0,0.5532994923857868
1475,543692,5900,0.7727803819351085,0.0,0.671875
1476,544016,5904,0.8293940662430737,0.0,0.6125
1477,544372,5908,0.9979689106870766,0.0,0.6586345381526104
1478,544632,5912,0.7957809041525298,0.0,0.6590909090909091
1479,545020,5916,1.1117217937204906,0.0,0.5965665236051502
1480,545504,5920,1.118089156097143,0.0,0.576
1481,545860,5924,0.9615363453559399,0.0,0.6119402985074627
1482,546216,5928,1.1624651594200954,0.0,0.606694560669456
1483,546636,5932,1.0983289846660411,0.0,0.6177606177606177
1484,547024,5936,0.973958959872169,0.0,0.54
1485,547348,5940,0.9949875578110005,0.0,0.6058823529411764
1486,547736,5944,0.8460790971035546,0.0,0.5433526011560693
1487,548156,5948,0.8967535434545942,0.0,0.6053811659192825
1488,548448,5952,1.0765500989441819,0.0,0.6384180790960452
1489,548868,5956,0.9523976747792477,0.0,0.5761904761904761
1490,549192,5960,0.784923451200837,0.25,0.5664335664335665
1491,549612,5964,1.1249242313550256,0.0,0.5800865800865801
1492,549936,5968,0.8481212280752262,0.0,0.5941176470588235
1493,550164,5972,0.7103277063772673,0.0,0.7372262773722628
1494,550424,5976,0.9790340347621158,0.0,0.618421052631579
1495,550684,5980,1.1555419266055378,0.0,0.6
1496,550912,5984,1.117932429622436,0.0,0.5434782608695652
1497,551300,5988,0.8513801917392803,0.0,0.6153846153846154
1498,551624,5992,1.4046471015802453,0.0,0.6083333333333333
1499,552012,5996,0.8246559669766899,0.0,0.635
1500,552336,6000,0.9520525623694409,0.0,0.6201117318435754
1501,552692,6004,0.7121172213496844,0.25,0.6785714285714286
1502,553016,6008,1.0735691263563256,0.0,0.5961538461538461
1503,553404,6012,0.7363929598577252,0.25,0.5759493670886076
1504,553760,6016,0.7355899970569258,0.0,0.655367231638418
1505,554052,6020,0.7653592584268201,0.0,0.6617647058823529
1506,554440,6024,0.9796351431248741,0.0,0.6179775280898876
1507,554828,6028,0.6322243011967991,0.0,0.6705882352941176
1508,555184,6032,0.9079817814921056,0.0,0.580110497237569
1509,555636,6036,0.8687665899784094,0.0,0.6345381526104418
1510,555992,6040,0.8986119591802972,0.0,0.547486033519553
1511,556348,6044,0.8585404808565916,0.0,0.5760869565217391
1512,556768,6048,1.0043087899344663,0.0,0.5843621399176955
1513,557156,6052,0.8790458811380465,0.0,0.6244131455399061
1514,557672,6056,0.8604314443213377,0.0,0.5984251968503937
1515,558092,6060,0.8994423643982183,0.0,0.5543478260869565
1516,558512,6064,1.082340406857387,0.0,0.6181102362204725
1517,558868,6068,1.2441757001384162,0.0,0.4587628865979381
1518,559128,6072,0.8250232857370702,0.0,0.6
1519,559548,6076,1.1152947944522817,0.0,0.48404255319148937
1520,559872,6080,0.6968117981380273,0.0,0.689873417721519
1521,560228,6084,1.011922740420667,0.0,0.625
1522,560616,6088,0.96225650894133,0.0,0.6328502415458938
1523,560972,6092,1.2699084180638474,0.0,0.537117903930131
1524,561456,6096,1.0656217267293162,0.0,0.5880503144654088
1525,561876,6100,0.8762913119124384,0.0,0.6059113300492611
1526,562328,6104,1.368337084653389,0.0,0.5379537953795379
1527,562748,6108,0.9870578188639991,0.0,0.6431535269709544
1528,563008,6112,0.7696008355926051,0.25,0.6504065040650406
1529,563428,6116,0.9050482954383733,0.0,0.6221198156682027
1530,563816,6120,1.0626529290802758,0.0,0.5757575757575758
1531,564140,6124,0.8365760349627871,0.0,0.618421052631579
1532,564368,6128,0.7307392775951355,0.0,0.6106194690265486
1533,564756,6132,0.8697425390487069,0.0,0.6169154228855721
1534,565112,6136,0.9864481750906421,0.0,0.6462264150943396
1535,565564,6140,0.8113546151976399,0.0,0.5865384615384616
1536,565920,6144,0.9326018186101828,0.0,0.5909090909090909
1537,566308,6148,0.9296545989893183,0.0,0.5773195876288659
1538,566632,6152,0.8005532816341547,0.0,0.6813725490196079
1539,567020,6156,0.6926853746610485,0.0,0.6549707602339181
1540,567408,6160,1.2154175318196574,0.0,0.5584415584415584
1541,567924,6164,0.7876253132370141,0.0,0.642570281124498
1542,568216,6168,0.7504510987707464,0.25,0.6818181818181818
1543,568668,6172,1.028707909918077,0.0,0.5887445887445888
1544,569088,6176,1.1313399270512212,0.0,0.5738396624472574
1545,569508,6180,1.2488447347334406,0.0,0.5615384615384615
1546,569832,6184,0.6922725444739336,0.0,0.6792452830188679
1547,570156,6188,1.197903711239263,0.0,0.5586854460093896
1548,570544,6192,1.1631327930812851,0.0,0.5594713656387665
1549,570804,6196,0.8032620750373645,0.0,0.6153846153846154
1550,571096,6200,1.0824762803903996,0.0,0.5071428571428571
1551,571548,6204,0.7739258409129018,0.0,0.6346153846153846
1552,571904,6208,0.7729965636733058,0.0,0.6487804878048781
1553,572292,6212,0.9508559675630178,0.0,0.5706806282722513
1554,572584,6216,0.7233384900617926,0.0,0.6745562130177515
1555,573132,6220,0.9185406429761757,0.0,0.6035714285714285
1556,573488,6224,0.955553056458228,0.0,0.6262135922330098
1557,573876,6228,1.174607691725514,0.0,0.5836575875486382
1558,574328,6232,1.0968707839189715,0.0,0.5350877192982456
1559,574588,6236,0.7352658505992213,0.0,0.6594202898550725
1560,575072,6240,0.9423737199255553,0.0,0.6325757575757576
1561,575460,6244,1.0225518030780683,0.0,0.532258064516129
1562,575816,6248,0.6804652591740705,0.0,0.7252747252747253
1563,576172,6252,1.026673977527198,0.0,0.5502645502645502
1564,576624,6256,0.9042978771127478,0.0,0.6273764258555133
1565,576980,6260,1.3958631883272954,0.0,0.5537848605577689
1566,577304,6264,0.9727224493997619,0.0,0.5945945945945946
1567,577692,6268,0.7343213316504928,0.0,0.5241379310344828
1568,577952,6272,0.8653752663793866,0.0,0.6174496644295302
1569,578340,6276,0.8182219918582144,0.0,0.5792349726775956
1570,578728,6280,1.139361661319224,0.0,0.5684647302904564
1571,579148,6284,1.2716805006190168,0.0,0.5675675675675675
1572,579568,6288,0.9906116263001912,0.0,0.6417910447761194
1573,580020,6292,0.660647560700606,0.0,0.6170212765957447
1574,580376,6296,0.6934586493217471,0.0,0.7005347593582888
1575,580732,6300,1.063195245797086,0.0,0.5194174757281553
1576,581024,6304,1.093828687323414,0.0,0.6
1577,581316,6308,0.9646534693401212,0.0,0.6257309941520468
1578,581704,6312,1.1513548595359568,0.0,0.5859030837004405
1579,582188,6316,1.003204674383207,0.0,0.5650557620817844
1580,582480,6320,0.9696565114175368,0.0,0.5
1581,583028,6324,0.738209703306218,0.0,0.6313725490196078
1582,583416,6328,0.8125119814302343,0.0,0.5730994152046783
1583,583708,6332,1.1579683813505686,0.0,0.5460122699386503
1584,584128,6336,1.0204155644808166,0.0,0.6516393442622951
1585,584420,6340,0.9232741465614578,0.0,0.6242038216560509
1586,584712,6344,0.8650947010137671,0.0,0.6167664670658682
1587,585292,6348,0.6389398305157971,0.0,0.6352459016393442
1588,585712,6352,0.7419835157764184,0.0,0.6321243523316062
1589,586036,6356,0.8680014844200559,0.0,0.6512820512820513
1590,586360,6360,1.0261452471421557,0.0,0.628140703517588
1591,586716,6364,1.2446573848500346,0.0,0.5144230769230769
1592,587104,6368,0.8530242771510901,0.0,0.6091370558375635
1593,587460,6372,1.092259561575023,0.0,0.5103092783505154
1594,587816,6376,1.1771568678358009,0.0,0.6008583690987125
1595,588140,6380,1.177600192767457,0.0,0.5661375661375662
1596,588432,6384,0.5502785791179,0.0,0.7086092715231788
1597,588756,6388,1.2224805095465654,0.0,0.49171270718232046
1598,589080,6392,0.8576338601759316,0.0,0.6990740740740741
1599,589404,6396,1.2801839951072493,0.0,0.5219512195121951
1600,589760,6400,1.1134772328536156,0.0,0.6208333333333333
1601,590116,6404,1.0634331786282796,0.0,0.602803738317757
1602,590472,6408,1.361477630327395,0.0,0.46919431279620855
1603,590860,6412,0.8190739900800694,0.0,0.612565445026178
1604,591344,6416,0.6205768681923611,0.25,0.6989247311827957
1605,591732,6420,0.854508453789523,0.0,0.6054054054054054
1606,592088,6424,1.282235939336259,0.0,0.5108225108225108
1607,592380,6428,1.0762222252887534,0.0,0.5837837837837838
1608,592736,6432,0.9467527379056992,0.0,0.5491329479768786
1609,593092,6436,1.0981642299477177,0.0,0.5526315789473685
1610,593672,6440,0.8364207081531367,0.0,0.5252100840336135
1611,593964,6444,0.8575261109335195,0.0,0.5962732919254659
1612,594288,6448,0.8685001440279073,0.0,0.6420454545454546
1613,594644,6452,1.0718793566095604,0.0,0.5508021390374331
1614,595000,6456,0.9102864010162243,0.0,0.6218905472636815
1615,595324,6460,0.8521959536583253,0.0,0.5789473684210527
1616,595808,6464,0.84798560787498,0.0,0.588
1617,596100,6468,1.170886043106738,0.0,0.5672514619883041
1618,596744,6472,0.8488786028235763,0.0,0.5714285714285714
1619,597068,6476,1.0404907746147285,0.0,0.6432160804020101
1620,597424,6480,1.3360744631274288,0.0,0.5517241379310345
1621,597812,6484,1.028124547493982,0.0,0.588477366255144
1622,598232,6488,0.867263957045676,0.0,0.5502645502645502
1623,598492,6492,0.8291265964597893,0.0,0.6187050359712231
1624,598880,6496,0.6262239961527075,0.0,0.7021276595744681
1625,599236,6500,0.9192145266579904,0.0,0.5460122699386503
1626,599656,6504,0.8094567155099455,0.0,0.61
1627,600044,6508,1.0613497322158187,0.0,0.56
1628,600496,6512,1.1819246249048312,0.0,0.5629370629370629
1629,600980,6516,0.6995288453507468,0.0,0.5513513513513514
1630,601240,6520,1.143546487298977,0.0,0.5408805031446541
1631,601628,6524,0.7028726620098724,0.0,0.6616161616161617
1632,601984,6528,1.105918086070413,0.0,0.6033755274261603
1633,602372,6532,1.0896924725927997,0.0,0.573170731707317
1634,602728,6536,1.0164014124407201,0.0,0.5519125683060109
1635,603084,6540,0.9196068427104506,0.0,0.5647058823529412
1636,603440,6544,1.027136351031848,0.0,0.544973544973545
1637,603892,6548,0.8467852123534925,0.0,0.6210045662100456
1638,604120,6552,1.0687886896042644,0.0,0.5565217391304348
1639,604796,6556,0.9842020073485868,0.0,0.5867768595041323
1640,605184,6560,0.9785590601816687,0.0,0.6535087719298246
1641,605508,6564,0.8762155976329341,0.0,0.6666666666666666
1642,605896,6568,1.1108495474598887,0.0,0.5541666666666667
1643,606220,6572,0.6895374101401084,0.0,0.6882352941176471
1644,606640,6576,1.3168967753171967,0.0,0.5555555555555556
1645,607092,6580,0.6471530504336794,0.0,0.7
1646,607512,6584,1.3462237525803427,0.0,0.5413793103448276
1647,607836,6588,1.2810880604915984,0.0,0.5879396984924623
1648,608160,6592,0.8150665487737395,0.0,0.6480446927374302
1649,608580,6596,0.7909367303287732,0.0,0.6484018264840182
1650,608936,6600,0.8670386169177785,0.0,0.6205128205128205
1651,609292,6604,1.1326485899013654,0.0,0.5544554455445545
1652,609680,6608,0.7641136197560718,0.0,0.6565656565656566
1653,610132,6612,0.945465831005535,0.0,0.5984555984555985
1654,610424,6616,0.9510630904177211,0.0,0.5214285714285715
1655,610780,6620,1.0973009501212176,0.0,0.5476190476190477
1656,611168,6624,0.849227431809001,0.0,0.6390243902439025
1657,611716,6628,1.3402705223980174,0.0,0.5549295774647888
1658,611944,6632,1.109282965482757,0.0,0.5230769230769231
1659,612300,6636,0.817922718826069,0.0,0.6290322580645161
1660,612624,6640,0.6959253531565347,0.0,0.6277372262773723
1661,612916,6644,1.1017982294234205,0.0,0.5625
1662,613304,6648,1.005084402806238,0.0,0.5544554455445545
1663,613692,6652,0.8516410395140827,0.0,0.6611570247933884
1664,614048,6656,1.0057192300723232,0.0,0.5952380952380952
1665,614596,6660,1.1938771120276659,0.0,0.5527065527065527
1666,614984,6664,0.8634168421012555,0.0,0.5918367346938775
1667,615532,6668,0.9243019031217156,0.0,0.6075085324232082
1668,615792,6672,0.6633596768746628,0.25,0.6906474820143885
1669,616148,6676,1.131638148583489,0.0,0.5025125628140703
1670,616568,6680,0.9923140916828508,0.0,0.603448275862069
1671,616924,6684,0.8719446084004531,0.0,0.6182795698924731
1672,617600,6688,0.6159350303825344,0.0,0.6521739130434783
1673,617988,6692,0.9641645108939118,0.0,0.6032608695652174
1674,618408,6696,0.8659444334605289,0.0,0.6061946902654868
1675,618892,6700,0.734208576504796,0.0,0.6183574879227053
1676,619248,6704,1.0336687225245549,0.0,0.554945054945055
1677,619508,6708,1.2384161787099084,0.0,0.5914634146341463
1678,619864,6712,0.9778778483624492,0.0,0.5637254901960784
1679,620188,6716,0.7855907562786006,0.0,0.6568047337278107
1680,620672,6720,0.8498752298925272,0.0,0.5463917525773195
1681,620932,6724,1.091652513442225,0.0,0.5882352941176471
1682,621192,6728,1.059386360222934,0.0,0.5547945205479452
1683,621708,6732,0.9282021022943079,0.0,0.596078431372549
1684,622192,6736,0.8584176175084188,0.0,0.5816733067729084
1685,622612,6740,0.7553649805039654,0.0,0.5549738219895288
1686,622936,6744,1.238069272627792,0.0,0.5666666666666667
1687,623260,6748,1.285666144098126,0.0,0.5280373831775701
1688,623488,6752,0.9449977734064265,0.0,0.5967741935483871
1689,623780,6756,0.9367663871601098,0.0,0.6608187134502924
1690,624040,6760,0.9564311169867595,0.0,0.5683453237410072
1691,624428,6764,0.646394517680389,0.25,0.6294117647058823
1692,624816,6768,1.4517476445701238,0.0,0.5058365758754864
1693,625108,6772,1.0119438167236614,0.0,0.539568345323741
1694,625432,6776,0.9670922411319909,0.0,0.5497076023391813
1695,625852,6780,0.9267454158150954,0.25,0.6018518518518519
1696,626144,6784,0.9726789767471313,0.0,0.5217391304347826
1697,626500,6788,0.9588655519977866,0.0,0.6261682242990654
1698,626824,6792,0.82387005765537,0.0,0.6823529411764706
1699,627148,6796,1.0832586421412416,0.0,0.6318407960199005
1700,627600,6800,0.65966134765696,0.0,0.6494845360824743
1701,627924,6804,1.2919708543281476,0.0,0.592274678111588
1702,628344,6808,1.0869723299701408,0.0,0.6531365313653137
1703,628700,6812,0.9908097535196876,0.0,0.6390243902439025
1704,629152,6816,0.9970696204423485,0.0,0.6451612903225806
1705,629572,6820,0.9400206777117848,0.0,0.6073059360730594
1706,630248,6824,0.6934078316460863,0.0,0.5568627450980392
1707,630540,6828,1.1669398017677406,0.0,0.5459459459459459
1708,630864,6832,1.3409200699920603,0.0,0.5590909090909091
1709,631220,6836,1.2100042568215086,0.0,0.5522388059701493
1710,631832,6840,0.961865657556728,0.0,0.5904761904761905
1711,632156,6844,1.0203186855305675,0.25,0.5796178343949044
1712,632704,6848,0.7353918185814039,0.0,0.6539923954372624
1713,633060,6852,0.7284548304540973,0.0,0.6611111111111111
1714,633512,6856,0.8834097435747259,0.0,0.6380090497737556
1715,633964,6860,1.2651941663774675,0.0,0.5531914893617021
1716,634288,6864,1.2317738271261316,0.0,0.5633802816901409
1717,634580,6868,0.7394487257298622,0.0,0.6031746031746031
1718,635000,6872,0.9650406091093205,0.0,0.6360153256704981
1719,635548,6876,1.0813176990551805,0.0,0.5589123867069486
1720,635904,6880,0.9436002461061896,0.0,0.5894736842105263
1721,636260,6884,0.9792740914567073,0.0,0.6412556053811659
1722,636648,6888,0.8823580977235127,0.0,0.6513761467889908
1723,637100,6892,1.0891834902159416,0.0,0.5725190839694656
1724,637456,6896,0.9687668013133804,0.0,0.5854922279792746
1725,637716,6900,0.88618883656962,0.0,0.718562874251497
1726,637976,6904,0.9952667091341141,0.0,0.5882352941176471
1727,638236,6908,1.3073264432039389,0.0,0.5123456790123457
1728,638656,6912,1.017916892312623,0.0,0.5662100456621004
1729,638980,6916,1.343802789362806,0.0,0.48186528497409326
1730,639304,6920,0.933515763589352,0.0,0.5747126436781609
1731,639596,6924,1.081057456955347,0.0,0.5852272727272727
1732,639856,6928,0.9526555798303047,0.0,0.6026490066225165
1733,640180,6932,0.8518551037240358,0.0,0.656084656084656
1734,640536,6936,0.9044660106970398,0.0,0.6051282051282051
1735,640956,6940,0.9700818029873763,0.0,0.6171875
1736,641280,6944,1.1083858581917665,0.0,0.5627906976744186
1737,641700,6948,1.132869590224963,0.0,0.5662650602409639
1738,641928,6952,1.207725087333742,0.0,0.5586206896551724
1739,642284,6956,0.7934940879820096,0.0,0.6578947368421053
1740,642768,6960,0.6078373295618172,0.0,0.6565656565656566
1741,643124,6964,0.9783298473641082,0.0,0.6046511627906976
1742,643416,6968,0.9380616747918792,0.0,0.5679012345679012
1743,643708,6972,0.949979292119099,0.0,0.5925925925925926
1744,644096,6976,0.9319066463060689,0.0,0.6076555023923444
1745,644484,6980,0.7352856653215265,0.0,0.6464088397790055
1746,644904,6984,0.9582018019510558,0.0,0.6111111111111112
1747,645196,6988,1.0526549671039176,0.0,0.6144578313253012
1748,645584,6992,1.060691245728373,0.0,0.5992063492063492